noticeIdentifier,noticeVersion,procedureIdentifier,procedureLegalBasis,formType,noticeType,publicationDate
c5ef3499-a4b9-47ec-bc70-26f11a16f0c3,01,f2e48922-8595-4df6-9476-0cfd16fe9572,32014L0024,competition,cn-standard,2026-09-16T00:00:00+02:00
7b083735-d2fe-4149-b920-ca6a524868e3,1,574598ca-9d26-4356-90e0-b5948cf3c008,de-vob,competition,cn-standard,2026-09-15T22:06:05Z
62017582-b322-43ba-b234-99c6d10e7cde,1,abafd342-469e-4d96-8610-36e7995742bb,de-vob,competition,cn-standard,2026-09-15T22:06:05Z
8168d760-e364-4120-9df0-b30c308f22c7,1,c6f352b0-7187-42c8-a6aa-e8f1267720d0,de-vob,competition,cn-standard,2026-09-15T22:06:06Z
ca6a9d29-4645-4b9f-9cbf-ec837f1587f9,01,db31529a-adaf-4e7e-bdb0-49dfc2070b69,32014L0024,competition,cn-standard,2026-09-16T02:04:04Z
041a3b4a-d1d4-4009-9dcc-6ff36b793ef3,01,bebe579c-6b3b-4eca-97ca-d6d172fe5fec,32014L0024,competition,cn-standard,2026-09-16T02:04:04Z
6bf5b4f6-4a92-47f9-bc92-0d3e550a2fe2,01,1e4ebb23-53f9-4db5-b720-7161fe928e9e,32014L0024,competition,cn-standard,2026-09-16T02:04:04Z
307bbb8e-7821-42e3-bebc-c5ce607d6d58,01,78ff0bbc-8ea7-4ee9-8b87-30b63dc1ef2d,32014L0024,competition,cn-standard,2026-09-16T02:04:06Z
5bf0da81-04b4-4540-a2a1-fa832e81b42d,01,72cd818f-6919-4d9e-b7c8-8cf5faab5669,32014L0024,competition,cn-standard,2026-09-16T02:04:06Z
fcd29cc5-5683-4216-98b9-bce47074c29b,01,49d1d34c-b66c-4079-ae62-7d5c38b977fc,32014L0024,competition,cn-standard,2026-09-16T02:04:06Z
80a70f68-a454-456f-b5ea-c7d81027ef8b,01,31266109-aea3-4530-ae18-f07963d30d49,32014L0024,competition,cn-standard,2026-09-16T02:04:07Z
deebdf92-64cc-4802-981c-de0c3eef80e2,01,12e05295-b880-4ee5-8fed-4669b300c361,32014L0023,competition,cn-standard,2026-09-16T02:04:07Z
93613bd8-3bcd-4118-bbce-f56adce48bb4,01,27a16657-4cea-4bef-8f2e-7a4c01c290dc,32014L0024,competition,cn-standard,2026-09-16T02:06:06Z
7a2bc9a7-8015-4b5e-b0de-841f3a78496b,01,ff11dc4f-7b86-467e-8c7a-287e3f85adac,32014L0024,competition,cn-standard,2026-09-16T02:06:08Z
0154f570-03d0-4766-90ab-501c3e9c9727,01,ca4f5f4b-76f8-47a2-aa18-5fa2f34d81c6,32014L0025,competition,cn-standard,2026-09-16T02:06:08Z
9a1b2062-053c-47dc-bc6c-b4cd4604c5f2,01,9a1b2062-053c-47dc-bc6c-b4cd4604c5f2,32014L0024,competition,cn-standard,2026-09-16T02:06:10Z
2f51da30-ace1-438c-87f3-d453fea657eb,01,a89f6ea5-5a93-4910-ab53-f3b13e41ca78,32014L0024,competition,cn-standard,2026-09-16T02:06:10Z
ddcd7ad8-87a6-4630-8e5c-2b280cfcc3dc,01,4f54f6e2-fea7-49d0-943a-d01ccea43161,32014L0024,competition,cn-standard,2026-09-16T02:06:10Z
c214e855-82c8-4204-94b5-4a8bc3c188b8,01,9f8534e9-f5da-49b7-ab0b-3a0c80527a28,32014L0024,competition,cn-standard,2026-09-16T02:06:12Z
68799396-9c0b-41bc-84f6-3c646b99051e,01,c230608c-9389-4ad7-b0c2-8b36c74d82f3,32014L0024,competition,cn-standard,2026-09-16T02:06:13Z
172ae66a-09d6-41d6-aa39-f7a293f9a600,01,41d0cdf5-7685-459e-aa43-a019620c6b7e,32014L0024,competition,cn-standard,2026-09-16T02:06:13Z
f183c2f1-a1f6-4252-8ac6-5866d30c6ca4,01,c4338ec1-03fa-4d64-a713-b4243fbe2083,32014L0024,competition,cn-standard,2026-09-16T02:06:14Z
921b9e0b-9696-467e-a913-ccc15ad1abe6,01,953fa5a9-68e2-40b7-9932-cc9c0832b4fe,32014L0024,competition,cn-standard,2026-09-16T02:06:19Z
e4037a44-d382-4130-95c5-b24bacec472a,01,b0adb7bd-d071-4f4d-b0cc-888a1644603f,32014L0024,competition,cn-standard,2026-09-16T02:06:19Z
531ef96a-411b-4e8d-9e60-ba326a97f149,01,3e6064fd-f95e-4d94-8fa9-a10a4a6eb0ee,32014L0024,competition,cn-standard,2026-09-16T02:06:21Z
a3beabad-c6af-4c42-804c-bbcc86f3b382,01,e06e5a49-d0ad-46ea-811f-b4787acbec01,32014L0024,competition,cn-standard,2026-09-16T02:06:23Z
b24c4956-df4a-4280-851f-1a21bc105482,01,ef7545d6-0a32-4b7a-bbfd-dbe1d3d177cf,32014L0025,competition,cn-standard,2026-09-16T02:06:23Z
50e20b67-265d-4b6d-a1cc-a2c8cab29bd0,01,d703ec4e-fd16-4039-9ba3-9d3f7625af2b,32014L0024,competition,cn-standard,2026-09-16T02:06:25Z
1077025c-9104-45b0-8184-c7b1e3d129a7,01,36f14799-e1fd-4de4-8d0b-ae15bb088775,32014L0024,competition,cn-standard,2026-09-16T02:06:25Z
03ddf5d7-0650-411f-a1ac-d0fca9374811,01,77618279-65ad-42d7-93e2-e4d5dcc91b57,32014L0024,competition,cn-standard,2026-09-16T02:06:26Z
bd7642d8-4463-4602-8602-19e6282d684c,01,b1974b89-4c97-4ab7-bc4f-ebb82fb4a18d,32014L0024,competition,cn-standard,2026-09-16T02:06:28Z
6e40078a-968e-4451-a6f9-0066cfea02be,01,6e40078a-968e-4451-a6f9-0066cfea02be,32014L0024,competition,cn-standard,2026-09-16T02:06:28Z
d0413b88-e4ff-4670-80a4-bd8c90178d61,01,9ce2e1a9-3c2c-4846-9bcd-2ca37d21325a,32014L0024,competition,cn-standard,2026-09-16T02:06:29Z
a1922220-370b-4b20-9468-db1dcc39e4e2,01,cd5337de-0ea8-451f-85b1-d7e4e609f73b,32014L0024,competition,cn-standard,2026-09-16T02:06:30Z
d8a37cbb-1fd9-4cdc-be92-43d9784ee74e,01,159f4929-474c-4c9b-bf37-471e31411dfd,32014L0024,competition,cn-standard,2026-09-16T02:06:30Z
d9f6395a-527b-49cd-a0ec-bf43a062cdf0,01,5bbddeca-c6a6-4599-9eb5-07153d45e8f6,32014L0024,competition,cn-standard,2026-09-16T02:06:30Z
41d7ac31-f585-4156-af42-5415f9f2b774,01,e42d2c9a-e8f3-4676-81c4-648b9d94748a,32014L0024,competition,cn-standard,2026-09-16T02:06:31Z
6b20f242-021d-4a08-8e14-0fc9b29a4e17,01,66ef8ef3-5a72-4c72-b27d-ddc70cecaaae,32014L0024,competition,cn-standard,2026-09-16T02:06:31Z
afeff892-c330-4fb8-973c-6b65d1d3c1c1,01,6290b82e-52ab-4d5a-8ace-28e57eaeab13,32014L0024,competition,cn-standard,2026-09-16T02:06:32Z
a040d776-b7d8-40d6-81c9-b50e1aa6daeb,01,b1000000-c0de-4000-a000-00d462814098,32014L0024,competition,cn-standard,2026-09-16T02:06:33Z
f1c9a3f9-c8d4-42b4-9e98-1838d72567e0,01,eb939ce1-3b77-4fd8-b844-dd0cb978bc92,32014L0024,competition,cn-standard,2026-09-16T02:06:33Z
a98df0ee-02df-4926-a699-f0264bc70ae4,01,bb06f8de-4a0b-420f-b767-3563456dbf65,32014L0024,competition,cn-standard,2026-09-16T02:06:34Z
2c665769-7e2e-4628-991e-28dcf9c3821a,01,2ce1c10e-c6a2-4f5c-a8ed-cce9d716424c,32014L0024,competition,cn-standard,2026-09-16T02:06:34Z
d67d21b0-4b54-4ba6-96e2-3b6b23819299,01,2993a750-6de7-40ba-b6b5-32ba182049b2,32014L0024,competition,cn-standard,2026-09-16T02:06:34Z
1b85bfe4-fb5b-49bb-84de-474fa2eb9ef5,01,5556e19c-4701-4f76-900a-424ed2410f2f,32014L0024,competition,cn-standard,2026-09-16T02:06:34Z
adbbb2a3-a548-485c-b584-b649f0cff1b3,01,54ad0dc0-f953-46d5-afae-91ac5523d1d5,32014L0024,competition,cn-standard,2026-09-16T02:06:34Z
358aa36b-0b4d-406d-b3f0-3823146a9ea6,01,7d07abd5-f013-4a62-883b-880b9c3fd933,32014L0024,competition,cn-standard,2026-09-16T02:06:39Z
005970e4-fa83-4d72-b88d-6b8acfe47c4a,01,b6ef3da2-c7e0-4d41-a41e-42c3eef90f2d,32014L0024,competition,cn-standard,2026-09-16T02:06:39Z
125814cb-3fd3-45fb-8ee4-1940fc409986,01,afb1b476-851d-4ec5-979d-d84215e805b6,32014L0024,competition,cn-standard,2026-09-16T02:06:41Z
5136b73e-1a8c-4623-ba6e-68446d10b433,01,71546fd4-bd6a-4fe3-92a9-63c8ebc5246a,32014L0024,competition,cn-standard,2026-09-16T02:06:41Z
615b5280-a5cf-40f2-b7b9-3da4726c7de4,01,05e7f7a4-9862-4338-8a2b-541ddce982e0,32014L0024,competition,cn-standard,2026-09-16T02:06:41Z
01a0a39a-b1ce-41e2-a40e-d2a19840eef3,01,01a0a398-4eb3-49b9-97d0-539cef6a757c,32014L0024,competition,cn-standard,2026-09-16T02:06:48Z
37ef6440-39ad-4711-b6d8-50cd3e259338,01,7c6f5b24-d633-43f0-988b-d284b0845b88,32014L0024,competition,cn-standard,2026-09-16T02:06:48Z
b66086b4-5a0c-43e5-beff-d9e5bd9b4747,01,b66086b4-5a0c-43e5-beff-d9e5bd9b4747,32014L0024,competition,cn-standard,2026-09-16T02:06:48Z
bdb7cd0f-27a9-49e6-be6e-c80723885512,01,41bc9e89-9cce-4af7-9821-9d0d491e4b70,32014L0024,competition,cn-standard,2026-09-16T02:06:48Z
7d14c033-c833-4b40-8efc-e2ed271a3c3d,01,48d34c42-2cd0-4e53-a8d8-1dc39153e75e,32014L0024,competition,cn-standard,2026-09-16T02:06:50Z
9d83ea1f-2e6a-4af3-9974-0b8a7823c726,01,3d9c7baf-5e3f-4a53-a5f5-5eb49ff01fd7,32014L0024,competition,cn-standard,2026-09-16T02:06:51Z
741f8574-9ba3-434b-bf87-42f565cdff51,01,58af630b-f6e6-446a-806f-5ea247ccdd74,32014L0024,competition,cn-standard,2026-09-16T02:06:52Z
85c9a7bb-cf66-405a-93c9-50857968cd15,01,c25e175e-5491-41bb-a094-298773eb0ef8,32014L0024,competition,cn-standard,2026-09-16T02:06:54Z
77b9119d-d72d-4bca-adc2-6341ef20117a,01,0276d292-e23b-43aa-8005-2329ab15b954,32014L0024,competition,cn-standard,2026-09-16T02:06:54Z
abadc72a-717a-45fc-9044-e7eb3dad334a,01,c30362e3-979b-48dd-92d8-0381ce9a724d,32014L0024,competition,cn-standard,2026-09-16T02:06:56Z
3b62235d-ca80-4e03-9c3e-297de871fe80,01,e82b2807-f075-45da-a489-3dc0c60bd5fe,32014L0024,competition,cn-standard,2026-09-16T02:06:56Z
3084e989-acb5-4689-8ebb-6bf0ad8e0903,01,e2dfb18b-0387-4964-bf85-54b4f840a5cc,32014L0024,competition,cn-standard,2026-09-16T02:06:56Z
07e2fa36-a8c8-4b6b-94d1-b5ec715848fc,01,46d1fe7b-045f-4d57-81cd-7054d273627a,32014L0024,competition,cn-standard,2026-09-16T02:06:58Z
10b4365a-23af-4cbd-874f-5faa960c37e5,01,bf1de018-962a-46ca-9d52-1bd48683a4d1,32014L0024,competition,cn-standard,2026-09-16T02:06:58Z
2d885c65-7f8d-466b-ae79-a214d09abef4,01,48240f0d-8b66-4987-808f-037aadb8754b,32014L0024,competition,cn-standard,2026-09-16T02:07:01Z
78a13158-21b8-4927-8497-55f095cffba6,01,f182ceae-ad2f-4220-9b6c-a5cfdc896c0d,32014L0024,competition,cn-standard,2026-09-16T02:08:04Z
37cdd9a6-65fb-4c7d-b7f5-ad7c7befc670,01,2d8ab304-7dca-470e-bc88-96fd5275315a,32014L0024,competition,cn-standard,2026-09-16T02:08:05Z
46d59055-2d6b-4dd0-8259-86b3ae67397c,01,eee1f988-37a9-4c63-b226-6389d2a67b2b,32014L0024,competition,cn-standard,2026-09-16T02:08:06Z
3eb98c24-107b-4db4-9bc7-13790e23b295,01,2d09a461-af30-4dc2-a603-c2e64753b587,32014L0024,competition,cn-standard,2026-09-16T02:08:06Z
4d70dd3a-19b8-45bb-8fe1-cc4dbf9f9bc0,01,82a30f1b-1ebe-4f1a-97f8-4c247ef6cc34,32014L0024,competition,cn-standard,2026-09-16T02:08:07Z
2127b926-d426-4e4b-903f-6ca78cf49240,01,f1acf8e1-24ab-4606-afd5-03fa2c04b59e,32014L0024,competition,cn-standard,2026-09-16T02:08:10Z
b5167006-df6c-4516-b249-954d8e8f3df2,01,885ffa73-f0e4-4a6a-a129-632e31d2350e,32014L0024,competition,cn-standard,2026-09-16T02:08:10Z
74213ead-8e86-41f8-b1d4-eff6c6ab222a,01,f61979f2-55e1-411b-a194-5e0077b1a6ff,32014L0024,competition,cn-standard,2026-09-16T02:10:04Z
58ff65ad-ad0d-43da-9705-373a3e18d3db,01,a82fbbbd-4687-4ae0-b616-12e76d24b679,32014L0024,competition,cn-standard,2026-09-16T02:10:06Z
c76203cb-e304-450e-ab70-f351183aeb21,01,592b1e72-3795-4d5b-9c3c-9e716fc6ae22,32014L0024,competition,cn-standard,2026-09-16T02:10:08Z
81db0040-7ed0-434a-947e-7113d2568512,01,ddbda9c6-777a-4cb0-ad40-0e9a9f67448c,32014L0024,competition,cn-standard,2026-09-16T02:10:08Z
470072e8-59d4-460e-83d7-7ef747d9690f,01,0ee7bb74-5045-49b2-b9ca-39398baaf693,32014L0025,competition,cn-standard,2026-09-16T02:10:08Z
c3a9b49a-2f04-4f8c-8eb2-c8341bbafabe,01,613ca47a-f00c-4292-8732-7ddc230c0669,32014L0024,competition,cn-standard,2026-09-16T02:10:09Z
ad444921-a025-4950-b270-afc0dd34dd39,01,6f7e8579-445b-43b3-b891-c7dba73333f8,32014L0024,competition,cn-standard,2026-09-16T02:10:10Z
b86b2a2d-f22f-4843-9c9e-47873e5a5838,01,09a44db3-36cf-4c45-948b-bfdfe0e2499e,32014L0024,competition,cn-standard,2026-09-16T02:10:10Z
5d148dca-836a-4cbe-8ad5-ef933ebbaa3b,01,5bb785b6-bdfa-48d8-8a9a-0ea8c3c4cd69,32014L0025,competition,cn-standard,2026-09-16T02:10:10Z
8ec97d74-8d96-4e6a-a0e8-c75d7647570b,01,29eee14a-476a-43dd-8a36-eefb12310fc1,32014L0025,competition,cn-standard,2026-09-16T02:10:12Z
90f332ed-04ca-467f-9af8-5e6e8e9ac165,01,10ea5ab5-374f-4929-b75e-e726dbecf26d,32014L0024,competition,cn-standard,2026-09-16T02:10:12Z
e9684303-556d-4be9-b2f7-525e90f7aa61,01,2f0127f5-a231-41f2-942e-14ce746d47f8,32014L0024,competition,cn-standard,2026-09-16T02:10:14Z
b6497276-a5eb-4c66-ac56-f86604960788,01,f8411455-7aad-4f69-b960-20812a2d18f7,32014L0024,competition,cn-standard,2026-09-16T02:10:14Z
01a0a444-1c07-471e-b755-941f4becd2ee,01,019ff4a0-b177-4cf0-a0fe-3e22056c76fd,32014L0025,competition,cn-standard,2026-09-16T02:10:14Z
1594f91b-44f6-456a-a325-ad98833404bc,01,e008eb87-dcbb-4a56-861f-840d0bd99a25,32014L0024,competition,cn-standard,2026-09-16T02:10:16Z
dc92350b-924f-472a-8ea4-53cee8ca4be7,01,a0e6c56b-ceda-49e2-8241-26f8c51bdb97,32014L0024,competition,cn-standard,2026-09-16T02:10:16Z
8850e2ed-8211-4877-8ce3-ab6cabf3515f,01,03cd08e2-bdc1-4216-8d61-4331658b5ce1,32014L0024,competition,cn-standard,2026-09-16T02:10:21Z
625720a2-3dcb-4a88-b391-48aa63d0a10f,01,9a502cee-d7f1-4541-893a-a58237384f3f,32014L0024,competition,cn-standard,2026-09-16T02:10:22Z
2f3259ec-494a-445b-8973-8e88ea4d982b,01,7378e634-5f54-459e-b555-223a07fecd55,32014L0024,competition,cn-standard,2026-09-16T02:10:25Z
8d4a29da-6d95-436d-a0f7-26429bbf0f10,01,5eb7d467-8566-41cb-a727-d1e686e6631b,32014L0025,competition,cn-standard,2026-09-16T02:10:25Z
915313db-1a99-4a68-802f-f0707033240b,01,770a0da2-8d2b-4ac1-b657-dcb84ff7b1e2,32014L0024,competition,cn-standard,2026-09-16T02:10:27Z
ed6675ff-7b24-4be8-8fe8-77d6714633f2,01,d3fda7ed-d9c0-4962-a940-131dd989e6b5,32014L0024,competition,cn-standard,2026-09-16T02:10:27Z
09b85bf3-4637-4ffe-b72a-f4a851f18c50,01,967583e6-6bd9-41dc-8f82-0c1b6e47d534,32014L0024,competition,cn-standard,2026-09-16T02:10:32Z
f9dc1e05-3689-41bc-b82b-4ebe5fc1ffb5,01,fe7de158-3205-40ca-908f-a6b68886b299,32014L0024,competition,cn-standard,2026-09-16T02:10:33Z
5cff7c10-1e0e-4abe-8f0b-b6345a1362a0,01,b743e769-58d5-4b76-9c2f-45c67c04f441,32014L0024,competition,cn-standard,2026-09-16T02:10:34Z
50d1e5cc-c1ae-45b5-a685-505c1595d0c8,01,c91c0fe7-6e67-46ea-b190-6dbc203b2022,32014L0024,competition,cn-standard,2026-09-16T02:10:35Z
a9cb14a8-596e-478a-a3e9-d94670549370,01,5830c3c1-f8c1-4c73-9a7d-f296b0f42f65,32014L0024,competition,cn-standard,2026-09-16T02:10:35Z
44c726f4-e15d-43d3-84a5-0ceb2ecbff2a,01,1f3824b7-47e7-4c36-8ed4-e6214a176d3e,32014L0024,competition,cn-standard,2026-09-16T02:10:35Z
24f04cdc-1d87-4457-9ca5-1dfd450fe67b,01,ac9f3bfe-b63b-4e44-8188-700d29bb408e,32014L0024,competition,cn-standard,2026-09-16T02:10:37Z
4a448abd-7f1f-4052-987f-f9aea3df2fb9,01,d0bef38c-8b58-4d1a-a485-f5a096dedc39,32014L0024,competition,cn-standard,2026-09-16T02:10:37Z
d62756f0-2007-4111-b118-e5f44c943b18,01,8a910f38-e1f7-405e-88ab-afb1e2f03333,32014L0024,competition,cn-standard,2026-09-16T02:10:37Z
bb722a54-0ab3-4fed-ab47-3f00b6ada783,01,bb722a54-0ab3-4fed-ab47-3f00b6ada783,32014L0024,competition,cn-standard,2026-09-16T02:10:40Z
5f734b5e-89a1-4d03-87e5-eb2f15ad7a35,01,5f734b5e-89a1-4d03-87e5-eb2f15ad7a35,32014L0024,competition,cn-standard,2026-09-16T02:10:40Z
719c0678-a8c7-4e34-9073-1ea5837a8f61,01,fe06a881-fe57-4a00-8771-93ff13ae9a9f,32014L0024,competition,cn-standard,2026-09-16T02:10:41Z
cb4cb836-775d-4166-864b-3717c808efc8,01,e4d28c47-d51a-4d97-be72-1327ac2ba35d,32014L0024,competition,cn-standard,2026-09-16T02:10:43Z
f44ac8af-3eef-4a35-9414-dfa76e528ad8,01,eb24bf25-846e-4f27-ac92-1fd39d1b199f,32014L0024,competition,cn-standard,2026-09-16T02:10:45Z
fab52f0b-58ae-47ed-bbbc-1d3829b47040,01,b75c6bfa-65a2-49f4-b233-457e88c00a44,32014L0024,competition,cn-standard,2026-09-16T02:10:46Z
b34d0781-ea79-41ab-9907-370f83e79047,01,d3b529b6-aa3a-42f1-9996-0d77d66c0995,32014L0024,competition,cn-standard,2026-09-16T02:10:46Z
ff2ff8ed-94f5-47d4-9a40-d6363f5f5c5e,01,28edc94d-22e2-49e8-b08c-9255e72aa095,32014L0024,competition,cn-standard,2026-09-16T02:10:47Z
3ee3ffd5-8ec5-4510-b21e-a9c074591fec,01,2fa8f100-0d49-4bc2-98c9-2ad4c255c34d,32014L0024,competition,cn-standard,2026-09-16T02:10:50Z
a5670d06-f5c1-44a2-b02e-d00fe844880e,01,2cf0de67-bb3e-447a-9481-dd423e7ef9c9,32014L0024,competition,cn-standard,2026-09-16T02:10:49Z
e4d3e324-99ba-4975-82a6-24cd59e5aec6,01,cbcff4ad-bd44-480e-b438-5db5abe75308,32014L0024,competition,cn-standard,2026-09-16T02:10:52Z
7576de88-72a4-4142-9bc0-0348aef4d44f,01,4d2f8c3e-366d-4480-860f-bf966a79eab6,32014L0024,competition,cn-standard,2026-09-16T02:10:54Z
c454fa91-86f5-4f3c-9109-a3bc53e13198,01,3c0dfd51-388c-4eec-808a-52d066848e46,32014L0024,competition,cn-standard,2026-09-16T02:10:54Z
3fdeb952-ef6e-40e5-a887-a7e2b7cf662f,01,0bddf2f7-2ab0-4ed7-b9dc-6c765da6f674,32014L0024,competition,cn-standard,2026-09-16T02:10:57Z
2a55e205-4e71-40a0-ac8c-75e8bb465205,01,4244ea8a-c287-47b1-ba71-27fe452f6803,32014L0024,competition,cn-standard,2026-09-16T02:10:57Z
97342522-2e60-41ee-b63e-7fd68f818a0c,01,685d478e-f8a2-42f0-8dc8-e926863f1690,32014L0024,competition,cn-standard,2026-09-16T02:10:57Z
75a604da-489d-4c11-8fa6-c21c913fafa8,01,df65a0a7-9fb5-4208-8f7e-37d3203f1203,32014L0024,competition,cn-standard,2026-09-16T02:10:58Z
48badf3d-488b-4187-a932-53f825f535a7,01,2993b92f-bbe5-434a-aa0b-83fbcdbba8a7,32014L0024,competition,cn-standard,2026-09-16T02:10:58Z
655042ea-1acb-49b4-af80-c050e20f7f66,01,7fea2908-d437-46f2-88ee-13abe2e053a8,32014L0024,competition,cn-standard,2026-09-16T02:11:01Z
c0fea23b-3299-4f7d-81f9-bd0dbeff808f,01,8d84b0c4-52be-4004-8151-7c52348b2fdd,32014L0024,competition,cn-standard,2026-09-16T02:11:02Z
ef80485e-9b72-4f69-8fac-b1ca556c920b,01,c448f113-a87f-4181-a511-52172e5ef2db,32014L0024,competition,cn-standard,2026-09-16T02:11:02Z
2fef9971-9508-4941-98cb-7c449a31e82e,01,29b96ec3-1d7d-4fbb-94c0-6e1a5ac7ac82,32014L0024,competition,cn-standard,2026-09-16T02:11:04Z
846aa4fb-948a-48cf-9b6f-0b9d5add1ffa,05,8518c8e5-ebf2-4156-ac0b-f48e141834b1,32014L0025,competition,cn-standard,2026-09-16T02:11:06Z
ed9237f6-d2c2-4613-be5a-13617329b435,02,30752eda-cfe8-4445-9cd4-9cec8db11ff0,32014L0024,competition,cn-standard,2026-09-16T02:11:06Z
9c08a1ab-83d4-49e8-a1d2-0cba0d37ceaa,01,90cc2489-90ce-4ab1-b0d2-cb2ba981a8a0,32014L0024,competition,cn-standard,2026-09-16T02:11:06Z
f7488eee-a1ed-4f47-b78a-a9219f06abe3,1,225b5455-fa5c-475a-ba43-fbccfdaf81fa,de-vob,competition,cn-standard,2026-09-16T06:52:04Z
25826982,1,,de-vob,competition,cn-standard,2026-09-16T07:00:03Z
25818322,2,,de-vob,competition,cn-standard,2026-09-16T07:00:04Z
25822876,1,,de-vob,competition,cn-standard,2026-09-16T07:00:05Z
25822880,1,,de-vob,competition,cn-standard,2026-09-16T07:00:05Z
25822884,1,,de-vob,competition,cn-standard,2026-09-16T07:00:06Z
25822892,1,,de-vob,competition,cn-standard,2026-09-16T07:00:06Z
25822900,1,,de-vob,competition,cn-standard,2026-09-16T07:00:07Z
25822904,1,,de-vob,competition,cn-standard,2026-09-16T07:00:08Z
25822908,1,,de-vob,competition,cn-standard,2026-09-16T07:00:08Z
25822912,1,,de-vob,competition,cn-standard,2026-09-16T07:00:08Z
25822916,1,,de-vob,competition,cn-standard,2026-09-16T07:00:08Z
25822920,1,,de-vob,competition,cn-standard,2026-09-16T07:00:09Z
25822924,1,,de-vob,competition,cn-standard,2026-09-16T07:00:10Z
25822928,1,,de-vob,competition,cn-standard,2026-09-16T07:00:10Z
25822932,1,,de-vob,competition,cn-standard,2026-09-16T07:00:11Z
25822952,1,,de-vob,competition,cn-standard,2026-09-16T07:00:12Z
25822956,1,,de-vob,competition,cn-standard,2026-09-16T07:00:12Z
25822964,1,,de-vob,competition,cn-standard,2026-09-16T07:00:13Z
25822852,1,,de-vob,competition,cn-standard,2026-09-16T07:00:15Z
25822856,1,,de-vob,competition,cn-standard,2026-09-16T07:00:15Z
25825368,1,,de-vob,competition,cn-standard,2026-09-16T07:00:17Z
25825372,1,,de-vob,competition,cn-standard,2026-09-16T07:00:17Z
25825376,1,,de-vob,competition,cn-standard,2026-09-16T07:00:17Z
25825384,1,,de-vob,competition,cn-standard,2026-09-16T07:00:18Z
25825392,1,,de-vob,competition,cn-standard,2026-09-16T07:00:19Z
25825396,1,,de-vob,competition,cn-standard,2026-09-16T07:00:19Z
25825400,1,,de-vob,competition,cn-standard,2026-09-16T07:00:19Z
25825404,1,,de-vob,competition,cn-standard,2026-09-16T07:00:19Z
25825408,1,,de-vob,competition,cn-standard,2026-09-16T07:00:20Z
25825412,1,,de-vob,competition,cn-standard,2026-09-16T07:00:20Z
25825416,1,,de-vob,competition,cn-standard,2026-09-16T07:00:20Z
25825420,1,,de-vob,competition,cn-standard,2026-09-16T07:00:21Z
25825432,1,,de-vob,competition,cn-standard,2026-09-16T07:00:22Z
25825440,1,,de-vob,competition,cn-standard,2026-09-16T07:00:22Z
25821438,2,,de-vob,competition,cn-standard,2026-09-16T07:00:23Z
25825348,1,,de-vob,competition,cn-standard,2026-09-16T07:00:25Z
25825352,1,,de-vob,competition,cn-standard,2026-09-16T07:00:25Z
25817140,2,,de-vob,competition,cn-standard,2026-09-16T07:00:25Z
25635804,1,,de-vob,competition,cn-standard,2026-09-16T07:00:27Z
25750966,2,,de-vob,competition,cn-standard,2026-09-16T07:00:27Z
25744564,2,,de-vob,competition,cn-standard,2026-09-16T07:00:28Z
25723776,3,,de-vob,competition,cn-standard,2026-09-16T07:00:29Z
25823454,1,,de-vob,competition,cn-standard,2026-09-16T07:00:30Z
25719552,1,,de-vob,competition,cn-standard,2026-09-16T07:00:30Z
25823356,1,,de-vob,competition,cn-standard,2026-09-16T07:00:31Z
25823352,1,,de-vob,competition,cn-standard,2026-09-16T07:00:31Z
25827156,1,,de-vob,competition,cn-standard,2026-09-16T07:00:32Z
25822756,1,,de-vob,competition,cn-standard,2026-09-16T07:00:34Z
25822708,1,,de-vob,competition,cn-standard,2026-09-16T07:00:34Z
25823406,1,,de-vob,competition,cn-standard,2026-09-16T07:00:35Z
25823012,1,,de-vob,competition,cn-standard,2026-09-16T07:00:35Z
25825852,1,,de-vob,competition,cn-standard,2026-09-16T07:00:35Z
25822632,1,,de-vob,competition,cn-standard,2026-09-16T07:00:36Z
25822628,1,,de-vob,competition,cn-standard,2026-09-16T07:00:36Z
25822624,1,,de-vob,competition,cn-standard,2026-09-16T07:00:36Z
25822620,1,,de-vol,competition,cn-standard,2026-09-16T07:00:37Z
25825660,1,,,competition,cn-standard,2026-09-16T07:00:37Z
25823334,1,,de-vob,competition,cn-standard,2026-09-16T07:00:37Z
25827188,1,,de-vob,competition,cn-standard,2026-09-16T07:00:38Z
25823104,1,,de-vob,competition,cn-standard,2026-09-16T07:00:38Z
25823326,1,,de-vob,competition,cn-standard,2026-09-16T07:00:38Z
25827084,1,,de-vob,competition,cn-standard,2026-09-16T07:00:39Z
25823348,1,,de-vob,competition,cn-standard,2026-09-16T07:00:39Z
25827184,1,,de-vob,competition,cn-standard,2026-09-16T07:00:39Z
25823344,1,,de-vob,competition,cn-standard,2026-09-16T07:00:40Z
25823446,1,,de-vob,competition,cn-standard,2026-09-16T07:00:40Z
25827180,1,,de-vob,competition,cn-standard,2026-09-16T07:00:41Z
25827176,1,,de-vob,competition,cn-standard,2026-09-16T07:00:42Z
25825462,1,,de-vob,competition,cn-standard,2026-09-16T07:00:42Z
25826954,1,,de-vob,competition,cn-standard,2026-09-16T07:00:43Z
25826978,1,,de-vob,competition,cn-standard,2026-09-16T07:00:43Z
25822616,1,,de-vol,competition,cn-standard,2026-09-16T07:00:44Z
25825844,1,,de-vob,competition,cn-standard,2026-09-16T07:00:45Z
25826950,1,,de-vob,competition,cn-standard,2026-09-16T07:00:46Z
25826974,1,,de-vob,competition,cn-standard,2026-09-16T07:00:46Z
25822584,1,,de-vob,competition,cn-standard,2026-09-16T07:00:47Z
25823072,1,,de-vob,competition,cn-standard,2026-09-16T07:00:47Z
25823056,1,,de-vob,competition,cn-standard,2026-09-16T07:00:48Z
25827172,1,,de-vob,competition,cn-standard,2026-09-16T07:00:48Z
25823478,1,,de-vob,competition,cn-standard,2026-09-16T07:00:49Z
25823784,1,,de-vob,competition,cn-standard,2026-09-16T07:00:49Z
25776550,2,,de-vob,competition,cn-standard,2026-09-16T07:00:50Z
25823306,1,,de-vob,competition,cn-standard,2026-09-16T07:00:50Z
25823474,1,,de-vob,competition,cn-standard,2026-09-16T07:00:51Z
25825840,1,,de-vob,competition,cn-standard,2026-09-16T07:00:51Z
25823294,1,,de-vob,competition,cn-standard,2026-09-16T07:00:51Z
25826942,1,,de-vob,competition,cn-standard,2026-09-16T07:00:52Z
25827168,1,,de-vob,competition,cn-standard,2026-09-16T07:00:52Z
25822608,1,,de-vob,competition,cn-standard,2026-09-16T07:00:53Z
25822604,1,,de-vob,competition,cn-standard,2026-09-16T07:00:54Z
25822994,1,,de-vob,competition,cn-standard,2026-09-16T07:00:54Z
25659566,4,,de-vob,competition,cn-standard,2026-09-16T07:00:54Z
25825610,1,,de-vob,competition,cn-standard,2026-09-16T07:00:56Z
25823366,1,,de-vob,competition,cn-standard,2026-09-16T07:00:57Z
25825606,1,,de-vob,competition,cn-standard,2026-09-16T07:00:58Z
25823060,1,,de-vob,competition,cn-standard,2026-09-16T07:00:59Z
25825602,1,,de-vob,competition,cn-standard,2026-09-16T07:00:59Z
25822800,1,,de-vob,competition,cn-standard,2026-09-16T07:01:00Z
25823470,1,,de-vob,competition,cn-standard,2026-09-16T07:01:00Z
25826918,1,,de-vob,competition,cn-standard,2026-09-16T07:01:01Z
25822796,1,,de-vob,competition,cn-standard,2026-09-16T07:01:01Z
25822990,1,,de-vob,competition,cn-standard,2026-09-16T07:01:03Z
25807478,2,,de-vob,competition,cn-standard,2026-09-16T07:01:04Z
25822792,1,,de-vob,competition,cn-standard,2026-09-16T07:01:05Z
25822592,1,,de-vol,competition,cn-standard,2026-09-16T07:01:06Z
25825666,1,,de-vob,competition,cn-standard,2026-09-16T07:01:07Z
25825636,1,,,competition,cn-standard,2026-09-16T07:01:07Z
25758778,3,,de-vob,competition,cn-standard,2026-09-16T07:01:08Z
25823052,1,,de-vob,competition,cn-standard,2026-09-16T07:01:09Z
25825586,1,,de-vob,competition,cn-standard,2026-09-16T07:01:10Z
25822652,1,,de-vob,competition,cn-standard,2026-09-16T07:01:10Z
25823772,1,,de-vob,competition,cn-standard,2026-09-16T07:01:11Z
25826946,1,,de-vob,competition,cn-standard,2026-09-16T07:01:11Z
25822568,1,,de-vob,competition,cn-standard,2026-09-16T07:01:12Z
25823254,1,,de-vob,competition,cn-standard,2026-09-16T07:01:12Z
25825458,1,,de-vob,competition,cn-standard,2026-09-16T07:01:13Z
25822564,1,,de-vob,competition,cn-standard,2026-09-16T07:01:14Z
25823764,1,,de-vob,competition,cn-standard,2026-09-16T07:01:14Z
25822740,1,,de-vob,competition,cn-standard,2026-09-16T07:01:15Z
25822560,1,,de-vob,competition,cn-standard,2026-09-16T07:01:15Z
25825442,1,,de-vob,competition,cn-standard,2026-09-16T07:01:15Z
25826926,1,,de-vob,competition,cn-standard,2026-09-16T07:01:16Z
25771066,2,,de-vob,competition,cn-standard,2026-09-16T07:01:17Z
25823162,1,,de-vob,competition,cn-standard,2026-09-16T07:01:18Z
25822700,1,,de-vob,competition,cn-standard,2026-09-16T07:01:18Z
25823044,1,,de-vob,competition,cn-standard,2026-09-16T07:01:19Z
25826922,1,,de-vob,competition,cn-standard,2026-09-16T07:01:21Z
25825706,1,,,competition,cn-standard,2026-09-16T07:01:22Z
25826914,1,,de-vob,competition,cn-standard,2026-09-16T07:01:23Z
25826004,1,,de-vob,competition,cn-standard,2026-09-16T07:01:23Z
25826008,1,,de-vob,competition,cn-standard,2026-09-16T07:01:24Z
25823466,1,,de-vob,competition,cn-standard,2026-09-16T07:01:25Z
25825702,1,,de-vob,competition,cn-standard,2026-09-16T07:01:27Z
25823370,1,,de-vob,competition,cn-standard,2026-09-16T07:01:27Z
25826886,1,,de-vob,competition,cn-standard,2026-09-16T07:01:27Z
25826906,1,,de-vob,competition,cn-standard,2026-09-16T07:01:28Z
25823040,1,,de-vob,competition,cn-standard,2026-09-16T07:01:28Z
25823748,1,,de-vob,competition,cn-standard,2026-09-16T07:01:29Z
25823170,1,,de-vob,competition,cn-standard,2026-09-16T07:01:29Z
25825296,1,,de-vob,competition,cn-standard,2026-09-16T07:01:29Z
25822552,1,,de-vob,competition,cn-standard,2026-09-16T07:01:30Z
25823032,1,,de-vob,competition,cn-standard,2026-09-16T07:01:31Z
25823016,1,,de-vob,competition,cn-standard,2026-09-16T07:01:31Z
25823402,1,,,competition,cn-standard,2026-09-16T07:01:32Z
25822732,1,,de-vob,competition,cn-standard,2026-09-16T07:01:32Z
25823654,1,,de-vob,competition,cn-standard,2026-09-16T07:01:32Z
25825652,1,,de-vob,competition,cn-standard,2026-09-16T07:01:33Z
25822724,1,,de-vob,competition,cn-standard,2026-09-16T07:01:34Z
25822728,1,,de-vob,competition,cn-standard,2026-09-16T07:01:35Z
25822720,1,,de-vob,competition,cn-standard,2026-09-16T07:01:35Z
25822712,1,,de-vob,competition,cn-standard,2026-09-16T07:01:35Z
25822716,1,,de-vob,competition,cn-standard,2026-09-16T07:01:36Z
25822696,1,,de-vob,competition,cn-standard,2026-09-16T07:01:36Z
25822680,1,,de-vob,competition,cn-standard,2026-09-16T07:01:36Z
25823724,1,,de-vob,competition,cn-standard,2026-09-16T07:01:36Z
25827160,1,,de-vob,competition,cn-standard,2026-09-16T07:01:37Z
25825454,1,,de-vob,competition,cn-standard,2026-09-16T07:01:37Z
25822832,1,,de-vob,competition,cn-standard,2026-09-16T07:01:37Z
25822676,1,,de-vob,competition,cn-standard,2026-09-16T07:01:38Z
25822640,1,,de-vob,competition,cn-standard,2026-09-16T07:01:39Z
25823226,1,,de-vob,competition,cn-standard,2026-09-16T07:01:39Z
25822548,1,,de-vob,competition,cn-standard,2026-09-16T07:01:40Z
25822528,1,,de-vob,competition,cn-standard,2026-09-16T07:01:40Z
25823140,1,,de-vob,competition,cn-standard,2026-09-16T07:01:41Z
25827148,1,,de-vob,competition,cn-standard,2026-09-16T07:01:41Z
25822474,1,,de-vob,competition,cn-standard,2026-09-16T07:01:41Z
25822536,1,,de-vob,competition,cn-standard,2026-09-16T07:01:41Z
25825670,1,,de-vob,competition,cn-standard,2026-09-16T07:01:42Z
25826854,1,,de-vob,competition,cn-standard,2026-09-16T07:01:44Z
25825516,1,,de-vob,competition,cn-standard,2026-09-16T07:01:44Z
25825536,1,,de-vob,competition,cn-standard,2026-09-16T07:01:45Z
25825544,1,,de-vob,competition,cn-standard,2026-09-16T07:01:45Z
25825552,1,,de-vob,competition,cn-standard,2026-09-16T07:01:46Z
25825484,1,,de-vob,competition,cn-standard,2026-09-16T07:01:48Z
25823136,1,,de-vob,competition,cn-standard,2026-09-16T07:01:48Z
25823492,1,,de-vob,competition,cn-standard,2026-09-16T07:01:49Z
25825640,1,,de-vob,competition,cn-standard,2026-09-16T07:01:50Z
25825798,1,,de-vob,competition,cn-standard,2026-09-16T07:01:50Z
25825832,1,,de-vob,competition,cn-standard,2026-09-16T07:01:51Z
25825748,1,,de-vob,competition,cn-standard,2026-09-16T07:01:51Z
25826000,1,,de-vob,competition,cn-standard,2026-09-16T07:01:51Z
25826028,1,,de-vob,competition,cn-standard,2026-09-16T07:01:52Z
25826032,1,,de-vob,competition,cn-standard,2026-09-16T07:01:52Z
25826036,1,,de-vob,competition,cn-standard,2026-09-16T07:01:53Z
25826044,1,,de-vob,competition,cn-standard,2026-09-16T07:01:54Z
25826086,1,,de-vob,competition,cn-standard,2026-09-16T07:01:55Z
25826012,1,,de-vob,competition,cn-standard,2026-09-16T07:01:55Z
25826016,1,,de-vob,competition,cn-standard,2026-09-16T07:01:56Z
25826058,1,,de-vob,competition,cn-standard,2026-09-16T07:01:56Z
25825836,1,,de-vob,competition,cn-standard,2026-09-16T07:01:57Z
200ff04c-a468-4b9e-bd0f-b1b7643c3f77,1,dd90c198-201f-42a1-a9e8-3d361405cee6,de-vob,competition,cn-standard,2026-09-16T08:06:04Z
b0f6fa43-92ac-4e7c-a8c9-55e3487121b0,2,717962f0-b7f3-4e2e-afa7-7102f4fb0568,de-vob,change,cn-standard,2026-09-16T08:36:05Z
cb0b417c-4949-40cb-babb-8d35ac5ecb26,1,b77aad7b-1fdc-4ca4-9d60-8de8681df2d6,de-vob,competition,cn-standard,2026-09-16T08:36:06Z
86a622d6-b5c8-42ae-8e4e-834ac610f252,2,2476bc07-25ab-46a2-96b4-06a34470deaf,de-vob,change,cn-standard,2026-09-16T09:22:04Z
a9a248f5-fa5a-471c-8cb2-30ea888267a3,2,c5f6b758-5388-4293-8657-b1caf81514ae,de-vob,change,cn-standard,2026-09-16T10:20:05Z
533019ec-0a4e-4ace-b65a-80ad779a29ec,01,4d84870e-a1ef-468d-9c5a-6eaacac588b7,other,competition,cn-standard,2026-09-16T13:08:04Z
b8c743e3-0629-4d28-9e6f-5a669b05f017,01,c4384b17-2459-47d9-9fee-d92e91195d69,other,competition,cn-standard,2026-09-16T13:14:04Z
57f6110d-aabb-4481-b481-a36e978c631c,1,13bbf6b6-0d21-468f-9f8a-02a3ba241437,de-vob,competition,cn-standard,2026-09-16T13:22:04Z
c62abfd1-f12f-483b-ad30-083a126132f6,1,dd1de1cc-29e0-439a-a4e9-db0ea7b433fc,de-vob,competition,cn-standard,2026-09-16T14:22:05Z
25827258,1,,de-vob,competition,cn-standard,2026-09-16T19:00:02Z
25827454,1,,de-vob,competition,cn-standard,2026-09-16T19:00:03Z
25827482,1,,de-vob,competition,cn-standard,2026-09-16T19:00:04Z
