noticeIdentifier,noticeVersion,organisationName,organisationIdentifier,organisationCity,organisationPostCode,organisationCountrySubdivision,organisationCountryCode,organisationInternetAddress,organisationNaturalPerson,organisationRole,buyerProfileURL,buyerLegalType,buyerContractingEntity,winnerSize,winnerOwnerNationality,winnerListed
c5ef3499-a4b9-47ec-bc70-26f11a16f0c3,01,"Land Berlin, vertreten durch das Bezirksamt Treptow-Köpenick von Berlin",11-1393306000-19,Berlin,12414,DE300,DEU,,,buyer,,omu-lbeh,,,,
c5ef3499-a4b9-47ec-bc70-26f11a16f0c3,01,Vergabekammer des Landes Berlin,11-1300000V00-74,Berlin,10825,DE300,DEU,,,reviewer,,,,,,
7b083735-d2fe-4149-b920-ca6a524868e3,1,"Landeshauptstadt Erfurt, Stadtverwaltung, Stadtkämmerei, Verdingungsstelle",,Erfurt,99084,,DEU,,,buyer,,,,,,
62017582-b322-43ba-b234-99c6d10e7cde,1,"Landeshauptstadt Erfurt, Stadtverwaltung, Stadtkämmerei-Vergabestelle",,Erfurt,99084,,DEU,https://www.erfurt.de/ef111226.html,,buyer,,,,,,
8168d760-e364-4120-9df0-b30c308f22c7,1,"Landeshauptstadt Erfurt, Stadtverwaltung, Stadtkämmerei-Vergabestelle",,Erfurt,99084,,DEU,https://www.erfurt.de/ef111226.html,,buyer,,,,,,
ca6a9d29-4645-4b9f-9cbf-ec837f1587f9,01,"Land Hessen, vertreten durch den Landesbetrieb Bau und Immobilien Hessen, Zentrale Vergabe",wird bei Auftragserteilung mitgeteilt,Bad Nauheim,61231,DE71E,DEU,https://vergabe.hessen.de,,buyer,,koerp-oer-land,,,,
ca6a9d29-4645-4b9f-9cbf-ec837f1587f9,01,Vergabekammer des Landes Hessen bei dem Regierungspräsidium Darmstadt,DE 812 056 745,Darmstadt,64283,DE711,DEU,,,reviewer,,,,,,
041a3b4a-d1d4-4009-9dcc-6ff36b793ef3,01,Samtgemeinde Ilmenau(LK Lüneburg),Leitweg-ID 033555405-0-68,Melbeck,21406,DE935,DEU,https://www.samtgemeinde-ilmenau.de,,buyer,https://www.subreport-elvis.de,koerp-oer-kommun,,,,
6bf5b4f6-4a92-47f9-bc92-0d3e550a2fe2,01,Magistrat der Stadt Bremerhaven vertreten durch den Wirtschaftsbetrieb Seestadt Immobilien,unbekannt,Bremerhaven,27576,DE502,DEU,www.seestadt-immobilien.de,,buyer,,kommun-beh,,,,
6bf5b4f6-4a92-47f9-bc92-0d3e550a2fe2,01,"Vergabekammer Bremen bei der Senatorin für Klimaschutz,, Mobilität, Stadtentwicklung und Wohnungsbau",unbekannt,Bremen,28195,DE502,DEU,https://vergabe.bremen.de/NetServer/,,reviewer,,,,,,
6bf5b4f6-4a92-47f9-bc92-0d3e550a2fe2,01,"Vergabekammer der Freien Hansestadt Bremen bei der Senatorin für Klimaschutz, Umwelt, Mobilität, Stadtentwicklung und Wohnungsbau",keine Angabe,Bremen,28195,DE502,DEU,https://vergabe.bremen.de/NetServer/,,,,,,,,
307bbb8e-7821-42e3-bebc-c5ce607d6d58,01,"Amt für Stadtentwicklung, Steinheim an der Murr",Leitweg-ID 18448070-A6301-43,Steinheim an der Murr,71711,DE115,DEU,http://www.stadt-steinheim.de/bauen-gewerbe-umwelt/ausschreibungen/oeffentliche-ausschreibungen,,buyer,,koerp-oer-kommun,,,,
5bf0da81-04b4-4540-a2a1-fa832e81b42d,01,Magistrat der Stadt Bremerhaven vertreten durch den Wirtschaftsbetrieb Seestadt Immobilien,unbekannt,Bremerhaven,27576,DE502,DEU,www.seestadt-immobilien.de,,buyer,,kommun-beh,,,,
5bf0da81-04b4-4540-a2a1-fa832e81b42d,01,"Vergabekammer Bremen bei der Senatorin für Klimaschutz,, Mobilität, Stadtentwicklung und Wohnungsbau",unbekannt,Bremen,28195,DE502,DEU,https://vergabe.bremen.de/NetServer/,,reviewer,,,,,,
5bf0da81-04b4-4540-a2a1-fa832e81b42d,01,"Vergabekammer der Freien Hansestadt Bremen bei der Senatorin für Klimaschutz, Umwelt, Mobilität, Stadtentwicklung und Wohnungsbau",keine Angabe,Bremen,28195,DE502,DEU,https://vergabe.bremen.de/NetServer/,,,,,,,,
fcd29cc5-5683-4216-98b9-bce47074c29b,01,Fraunhofer-Gesellschaft zur Förderung der angewandten Forschung e.V. - Einkauf B12 - Vergabestelle Bau,DE129515865,München,80686,DE212,DEU,https://vergabe.fraunhofer.de/,,buyer,https://vergabe.fraunhofer.de/NetServer/,org-sub,,,,
fcd29cc5-5683-4216-98b9-bce47074c29b,01,Vergabekammern des Bundes,t:022894990,Bonn,53113,DEA22,DEU,,,reviewer,,,,,,
fcd29cc5-5683-4216-98b9-bce47074c29b,01,Fraunhofer-Gesellschaft zur Förderung der angewandten Forschung e.V.,DE 129515865,München,80686,DE212,DEU,https://www.fraunhofer.de,,,,,,,,
80a70f68-a454-456f-b5ea-c7d81027ef8b,01,Regierung von Oberbayern - Vergabekammer Südbayern,t:08921762411,München,80538,DE212,DEU,,,reviewer,,,,,,
80a70f68-a454-456f-b5ea-c7d81027ef8b,01,SG 1.51 Hochbau und Bildung,t:086158440,Traunstein,83278,DE21M,DEU,https://traunstein.bayern,,serv-prov,,,,,,
80a70f68-a454-456f-b5ea-c7d81027ef8b,01,Chiemgau Invest,t:086158440,Traunstein,83278,DE21M,DEU,https://traunstein.bayern,,buyer,https://www.traunstein.bayern,anst-oer-kommun,,,,
deebdf92-64cc-4802-981c-de0c3eef80e2,01,HOWOGE Wohnungsbaugesellschaft mbH,HOWOGE Wohnungsbaugesellschaft mbH,Berlin,10365,DE300,DEU,https://howoge.de,,serv-prov,https://www.howoge.de,pub-undert,true,,,
deebdf92-64cc-4802-981c-de0c3eef80e2,01,Vergabekammer des Landes Berlin,VK,Berlin,10825,DE300,DEU,https://www.berlin.de/sen/wirtschaft/wirtschaftsrecht/vergabekammer/,,reviewer,,,,,,
93613bd8-3bcd-4118-bbce-f56adce48bb4,01,OPG Offenbacher Projektentwicklungsgesellschaft mbH im Namen und Rechnung des Magistrates der Stadt Offenbach am Main,DE264283064,Offenbach am Main,63069,DE713,DEU,https://www.offenbach.de,,buyer,,kommun-beh,,,,
93613bd8-3bcd-4118-bbce-f56adce48bb4,01,Vergabekammer des Landes Hessen beim Regierungspräsidium Darmstadt,t:06151126603,Darmstadt,64283,DE711,DEU,,,reviewer,,,,,,
7a2bc9a7-8015-4b5e-b0de-841f3a78496b,01,"Hanau Immobilien- und Baumanagement, 
Eigenbetrieb der Stadt Hanau",DE113525347,Hanau,63452,DE719,DEU,https://www.hanau.de,,buyer,,kommun-beh,,,,
7a2bc9a7-8015-4b5e-b0de-841f3a78496b,01,"Vergabekammer des Landes Hessen beim
Regierungspräsidium Darmstadt",DE294956625,Darmstadt,64283,DE711,DEU,,,reviewer,,,,,,
0154f570-03d0-4766-90ab-501c3e9c9727,01,Flughafen München GmbH,DE129352365,München,85326,DE21B,DEU,https://www.munich-airport.de,,buyer,,,,,,
0154f570-03d0-4766-90ab-501c3e9c9727,01,Regierung von Oberbayern - Vergabekammer Südbayern,09-0318006-60,München,80534,DE212,DEU,,,reviewer,,,,,,
9a1b2062-053c-47dc-bc6c-b4cd4604c5f2,01,Stadt Ichenhausen,5865,Ichenhausen,89335,DE278,DEU,https://www.deutsche-evergabe.de,,buyer,https://www.deutsche-evergabe.de,kommun-beh,,,,
9a1b2062-053c-47dc-bc6c-b4cd4604c5f2,01,Vergabekammer Südbayern,f82f18bb-92cd-4ea1-8065-8c23e72e781c,München,80534,DE212,DEU,,,reviewer,,,,,,
2f51da30-ace1-438c-87f3-d453fea657eb,01,Stadtverwaltung Radolfzell am Bodensee,Leitweg-ID 08335063-A8498-15,Radolfzell,78315,DE138,DEU,https://www.radolfzell.de,,buyer,,koerp-oer-kommun,,,,
2f51da30-ace1-438c-87f3-d453fea657eb,01,Vergabekammer Baden-Württemberg beim Regierungspräsidium Karlsruhe,Leitweg ID: 08-A9866-40,Karlsruhe,76131,DE122,DEU,,,reviewer,,,,,,
ddcd7ad8-87a6-4630-8e5c-2b280cfcc3dc,01,"Land Hessen, vertreten durch den Landesbetrieb Bau und Immobilien Hessen, Zentrale Vergabe",wird bei Auftragserteilung mitgeteilt,Bad Nauheim,61231,DE71E,DEU,https://vergabe.hessen.de,,buyer,,koerp-oer-land,,,,
ddcd7ad8-87a6-4630-8e5c-2b280cfcc3dc,01,Vergabekammer des Landes Hessen bei dem Regierungspräsidium Darmstadt,DE 812 056 745,Darmstadt,64283,DE711,DEU,,,reviewer,,,,,,
c214e855-82c8-4204-94b5-4a8bc3c188b8,01,Zweckverband Staatliche weiterführende Schulen im Südosten des Landkreises München (Schulzweckverband Südost),unbekannt1,Neubiberg,"85579
",DE21H,DEU,www.szv-m.de,,buyer,https://plattform.aumass.de/Veroeffentlichung/av286b63-eu,koerp-oer-kommun,,,,
c214e855-82c8-4204-94b5-4a8bc3c188b8,01,Hitzler Ingenieure GmbH & Co. KG,unbekannt3,München,80807,DE212,DEU,,,,,,,,,
c214e855-82c8-4204-94b5-4a8bc3c188b8,01,Vergabekammer Südbayern bei der Regierung von Oberbayern,0000,"München
",80538,DE212,DEU,https://www.regierung.oberbayern.bayern.de/,,reviewer,,,,,,
68799396-9c0b-41bc-84f6-3c646b99051e,01,"Hanau Immobilien- und Baumanagement,
Eigenbetrieb der Stadt Hanau",DE113525347,Hanau,63452,DE719,DEU,https://www.hanau.de,,buyer,,kommun-beh,,,,
68799396-9c0b-41bc-84f6-3c646b99051e,01,"Vergabekammer des Landes Hessen beim
Regierungspräsidium Darmstadt",DE294956625,Darmstadt,64283,DE711,DEU,,,reviewer,,,,,,
172ae66a-09d6-41d6-aa39-f7a293f9a600,01,Land Berlin – Sondervermögen Immobilien des Landes Berlin (SILB) c/o BIM Berliner Immobilienmanagement GmbH,11-2200011000-02,Berlin,10178,DE300,DEU,https://www.bim-berlin.de,,buyer,,grp-p-aut,,,,
172ae66a-09d6-41d6-aa39-f7a293f9a600,01,BIM Berliner Immobilienmanagement GmbH,11-2100019001-07,Berlin,10178,DE300,DEU,https://www.bim-berlin.de,,serv-prov,,,,,,
172ae66a-09d6-41d6-aa39-f7a293f9a600,01,Vergabekammer des Landes Berlin,11-1300000V00-74,Berlin,10825,DE300,DEU,https://www.berlin.de/sen/wirtschaft/wirtschaft/wirtschaftsrecht/vergabekammer/,,reviewer,,,,,,
f183c2f1-a1f6-4252-8ac6-5866d30c6ca4,01,Stadt Hemmingen,032410007007-0-67,Hemmingen,30966,DE929,DEU,https://www.stadthemmingen.de/,,buyer,,koerp-oer-kommun,,,,
f183c2f1-a1f6-4252-8ac6-5866d30c6ca4,01,bbt Rechts- und Steuerkanzlei GmbH,DE259528735,Hannover,30159,DE929,DEU,http://www.bbt-kanzlei.de,,,,,,,,
f183c2f1-a1f6-4252-8ac6-5866d30c6ca4,01,"Vergabekammer Niedersachsen beim Niedersächsischen Ministerium für Wirtschaft, Verkehr und Bauen",t:04131153308,Lüneburg,21339,DE935,DEU,,,reviewer,,,,,,
921b9e0b-9696-467e-a913-ccc15ad1abe6,01,Deutsches Institut für Ernährungsforschung Potsdam-Rehbrücke,DE160059202,Nuthetal,14558,DE40E,DEU,https://www.dife.de,,buyer,,stift-oer-land,,,,
921b9e0b-9696-467e-a913-ccc15ad1abe6,01,Vergabekammer des Landes Brandenburg beim Ministerium für Wirtschaft und Energie,DE325561763,Potsdam,14473,DE404,DEU,https://mweke.brandenburg.de/de/vergabekammer-nachpr%C3%BCfungsverfahren/bb1.c.478846.de,,reviewer,,,,,,
e4037a44-d382-4130-95c5-b24bacec472a,01,Kreisstadt St. Wendel - Amt 75 Hochbau und Gebäudemanagement -,.,St. Wendel,66606,DEC06,DEU,https://www.sankt-wendel.de,,buyer,,kommun-beh,,,,
e4037a44-d382-4130-95c5-b24bacec472a,01,Vergabekammer des Saarlandes,.,Saarbrücken,66119,DEC01,DEU,,,reviewer,,,,,,
531ef96a-411b-4e8d-9e60-ba326a97f149,01,"Staatsbetrieb Sächsisches Immobilien- und Baumanagement, Zentrale,  Zentralstelle Vergabe- und Vertragsmanagement",233121477,Dresden,01129,DED21,DEU,https://www.sib.sachsen.de,,buyer,https://www.sachsen-vergabe.de,omu-lbeh,,,,
531ef96a-411b-4e8d-9e60-ba326a97f149,01,Vergabekammer des Bundes beim Bundeskartellamt,keine Angabe,Bonn,53113,DEA22,DEU,,,reviewer,,,,,,
a3beabad-c6af-4c42-804c-bbcc86f3b382,01,"Bundesamt für Bauwesen und Raumordnung, in Vertretung der Bundesanstalt für Immobilienaufgaben",991-08260-09,Bonn,53179,DEA22,DEU,http://www.evergabe-online.de,,buyer,,oberst-bbeh,,,,
a3beabad-c6af-4c42-804c-bbcc86f3b382,01,Bundeskartellamt - Vergabekammern des Bundes,'+4922894990,Bonn,53113,DEA22,DEU,,,reviewer,,,,,,
a3beabad-c6af-4c42-804c-bbcc86f3b382,01,Bundesamt für Bauwesen und Raumordnung - A 4.2,991-00606-79,Bonn,53179,DEA22,DEU,,,,,,,,,
b24c4956-df4a-4280-851f-1a21bc105482,01,Hafen Nürnberg-Roth GmbH,DE199405122,Nürnberg,90451,DE254,DEU,https://www.bayernhafen.de/,,buyer,,,,,,
b24c4956-df4a-4280-851f-1a21bc105482,01,Bayernhafen GmbH & Co. KG,DE814447923,Regensburg,93055,DE232,DEU,https://www.bayernhafen.de/,,serv-prov,,,,,,
b24c4956-df4a-4280-851f-1a21bc105482,01,Regierung von Mittelfranken,DE811335517,Ansbach,91522,DE251,DEU,https://www.regierung.mittelfranken.bayern.de/,,reviewer,,,,,,
50e20b67-265d-4b6d-a1cc-a2c8cab29bd0,01,CKU-TP01,DE213809204,Unna,59423,DEA5C,DEU,,,buyer,,org-sub,,,,
50e20b67-265d-4b6d-a1cc-a2c8cab29bd0,01,BOS Projektmanagement GmbH,DE293967944,Duisburg,47057,DEA12,DEU,https://bos-pm.de/,,,,,,,,
50e20b67-265d-4b6d-a1cc-a2c8cab29bd0,01,Vergabekammer Westfalen,DE164242157,Münster,48147,DEA33,DEU,,,reviewer,,,,,,
1077025c-9104-45b0-8184-c7b1e3d129a7,01,Große Kreisstadt Dachau,09174115-48,Dachau,85221,DE217,DEU,,,buyer,,kommun-beh,,,,
1077025c-9104-45b0-8184-c7b1e3d129a7,01,"Regierung von Oberbayern, Vergabekammer Südbayern",09-0318006-60,München,80538,DE212,DEU,,,reviewer,,,,,,
03ddf5d7-0650-411f-a1ac-d0fca9374811,01,Immobilien Projekt Management Düsseldorf GmbH,DE255740804,Düsseldorf,40589,DEA11,DEU,https://ipm.nrw/,,buyer,,pub-undert-ra,,,,
03ddf5d7-0650-411f-a1ac-d0fca9374811,01,Vergabekammer Westfalen mit Sitz bei der Bezirksregierung Münster,05515-03004-07,Münster,48147,DEA33,DEU,https://www.brms.nrw.de/themen/wirtschaft-kultur-und-kommunales/vergabekammer-westfalen,,reviewer,,,,,,
bd7642d8-4463-4602-8602-19e6282d684c,01,Stadt Emsdetten,055660008008-31001-67,Emsdetten,48282,DEA37,DEU,,,buyer,,koerp-oer-kommun,,,,
bd7642d8-4463-4602-8602-19e6282d684c,01,Vergabekammer Westfalen,05515-03004-07,Münster,48128,DEA33,DEU,,,reviewer,,,,,,
6e40078a-968e-4451-a6f9-0066cfea02be,01,Stadt Ichenhausen,5865,Ichenhausen,89335,DE278,DEU,https://www.deutsche-evergabe.de,,buyer,https://www.deutsche-evergabe.de,kommun-beh,,,,
6e40078a-968e-4451-a6f9-0066cfea02be,01,Vergabekammer Südbayern,ace99519-b222-4bd2-9667-69fee93d67cb,München,80534,DE212,DEU,,,reviewer,,,,,,
d0413b88-e4ff-4670-80a4-bd8c90178d61,01,Landkreis Leer,DE117262680,Leer,26789,DE94C,DEU,https://www.landkreis-leer.de/,,buyer,https://www.landkreis-leer.de/Aktuelles/Ausschreibungen/,kommun-beh,,,,
d0413b88-e4ff-4670-80a4-bd8c90178d61,01,Landkreis Leer,DE117262680,Leer,26789,DE94C,DEU,https://www.landkreis-leer.de/,,,,,,,,
d0413b88-e4ff-4670-80a4-bd8c90178d61,01,Vergabekammer Niedersachsen,t:04131153308,Lüneburg,21339,DE935,DEU,,,reviewer,,,,,,
a1922220-370b-4b20-9468-db1dcc39e4e2,01,Zweckverband Staatliche weiterführende Schulen im Südosten des Landkreises München (Schulzweckverband Südost),unbekannt1,Neubiberg,"85579
",DE21H,DEU,www.szv-m.de,,buyer,https://plattform.aumass.de/Veroeffentlichung/av286b64-eu,koerp-oer-kommun,,,,
a1922220-370b-4b20-9468-db1dcc39e4e2,01,Hitzler Ingenieure GmbH & Co. KG,unbekannt3,München,80807,DE212,DEU,,,,,,,,,
a1922220-370b-4b20-9468-db1dcc39e4e2,01,Vergabekammer Südbayern bei der Regierung von Oberbayern,0000,"München
",80538,DE212,DEU,https://www.regierung.oberbayern.bayern.de/,,reviewer,,,,,,
d8a37cbb-1fd9-4cdc-be92-43d9784ee74e,01,Rems-Murr-Kliniken gGmbH,t:071955910,Winnenden,71634,DE116,DEU,,,buyer,,pub-undert-ra,,,,
d8a37cbb-1fd9-4cdc-be92-43d9784ee74e,01,Menold Bezler Rechtsanwälte Steuerberater Wirtschaftsprüfer Partnerschaft mbB,PR 155 (Registergericht Stuttgart),Stuttgart,70191,DE111,DEU,http://www.menoldbezler.de,,serv-prov,,,,,,
d8a37cbb-1fd9-4cdc-be92-43d9784ee74e,01,Vergabekammer Baden-Württemberg beim Regierungspräsidium Karlsruhe,08-A9866-40,Karlsruhe,76131,DE122,DEU,,,reviewer,,,,,,
d9f6395a-527b-49cd-a0ec-bf43a062cdf0,01,Gemeinde Lisberg,0954998970,Lisberg,96170,DE245,DEU,https://www.vg-lisberg.de,,buyer,https://www.vg-lisberg.de,kommun-beh,,,,
d9f6395a-527b-49cd-a0ec-bf43a062cdf0,01,"Regierung von Mittelfranken, Vergabekammer Nordbayern",098153-1277,Ansbach,91511,DE251,DEU,https://www.regierung.mittelfranken.bayern.de,,reviewer,,,,,,
41d7ac31-f585-4156-af42-5415f9f2b774,01,Staatliches Bauamt München 2,ID 12096469,München,80539,DE212,DEU,https://www.stbam2.bayern.de/,,buyer,https://vergabe.bayern.de,omu-lbeh,,,,
41d7ac31-f585-4156-af42-5415f9f2b774,01,Staatliches Bauamt München 2 - Vergabestelle,t0896933210,München,80539,DE212,DEU,https://www.stbam2.bayern.de/,,serv-prov,,,,,,
41d7ac31-f585-4156-af42-5415f9f2b774,01,Regierung von Oberbayern - Vergabekammer Südbayern,09-0318006-60,München,80538,DE212,DEU,https://www.regierung.oberbayern.bayern.de/service/nachpruefungsverfahren/index.html,,reviewer,,,,,,
6b20f242-021d-4a08-8e14-0fc9b29a4e17,01,Samtgemeinde Ostheide,t: 0413780080,21397,Barendorf,DE935,DEU,,,buyer,,kommun-beh,,,,
6b20f242-021d-4a08-8e14-0fc9b29a4e17,01,Drees & Sommer SE,t:04312000279600,Kiel,24118,DEF02,DEU,,,,,,,,,
6b20f242-021d-4a08-8e14-0fc9b29a4e17,01,Drees & Sommer SE,T0431.200027.9614,Kiel,24118,DEF02,DEU,,,,,,,,,
6b20f242-021d-4a08-8e14-0fc9b29a4e17,01,"Vergabekammer Niedersachsen beim Nds. Ministerium für Wirtschaft, Verkehr, Bauen und Digitaliserung",t:04131152943,Lüneburg,21339,DE935,DEU,,,reviewer,,,,,,
6b20f242-021d-4a08-8e14-0fc9b29a4e17,01,Drees & Sommer SE,T0431.200027.9614,Kiel,24118,DE935,DEU,,,,,,,,,
afeff892-c330-4fb8-973c-6b65d1d3c1c1,01,Valletta GmbH,HRB 73257,Köln,51103,DEA23,DEU,https://www.malteser.de/,,buyer,,org-sub,,,,
afeff892-c330-4fb8-973c-6b65d1d3c1c1,01,Valletta GmbH,HRB 73257,Köln,51103,DEA23,DEU,https://www.malteser.de/,,reviewer,,,,,,
a040d776-b7d8-40d6-81c9-b50e1aa6daeb,01,Amt Oeversee,010595940-000-63,Tarp,24963,DEF0C,DEU,https://www.amtoeversee.de,,buyer,,koerp-oer-kommun,,,,
a040d776-b7d8-40d6-81c9-b50e1aa6daeb,01,"Vergabekammer des Landes Schleswig-Holstein bei dem Ministerium für Wissenschaft, Wirtschaft und Verkehr",nicht bekannt,Kiel,24105,DEF02,DEU,,,reviewer,,,,,,
f1c9a3f9-c8d4-42b4-9e98-1838d72567e0,01,Landkreis Gießen - Der Kreisausschuss -,'+49 6419390,Gießen,35394,DE721,DEU,http://www.lkgi.de,,buyer,,kommun-beh,,,,
f1c9a3f9-c8d4-42b4-9e98-1838d72567e0,01,Vergabekammer des Landes Hessen bei dem Regierungspräsidium Darmstadt,'+49 6151 126603,Darmstadt,64278,DE721,DEU,https://rp-darmstadt.hessen.de/,,reviewer,,,,,,
a98df0ee-02df-4926-a699-f0264bc70ae4,01,Immobilien Bremen - Eigenbetrieb der Stadtgemeinde Bremen,entfällt,Bremen,28215,DE501,DEU,https://vergabe.bremen.de,,buyer,https://vergabe.bremen.de,pub-undert,,,,
a98df0ee-02df-4926-a699-f0264bc70ae4,01,"Vergabekammer der Freien Hansestadt Bremen bei der Senatorin für Bau, Mobilität und Stadtentwicklung",keine Angabe,Bremen,28195,DE501,DEU,https://bau.bremen.de/ressort/vergabekammer-3529,,reviewer,,,,,,
a98df0ee-02df-4926-a699-f0264bc70ae4,01,"Vergabekammer der Freien Hansestadt Bremen bei der Senatorin für Bau, Mobilität und Stadtentwicklung",nicht bekannt,Bremen,28195,DE501,DEU,https://bau.bremen.de/ressort/vergabekammer-3529,,,,,,,,
2c665769-7e2e-4628-991e-28dcf9c3821a,01,Regierung von Oberbayern Vergabekammer Südbayern,09-0318006-60,München,80534,DE212,DEU,https://www.regierung.oberbayern.bayern.de/ueber_uns/zentralezustaendigkeiten/vergabekammer-suedbayern/index.html,,reviewer,,,,,,
2c665769-7e2e-4628-991e-28dcf9c3821a,01,ZV KD Oberland Zentrale Beschaffungsstelle,t:080414417700,Bad Tölz,83646,DE216,DEU,https://www.zv-oberland.de/,,serv-prov,,,,,,
2c665769-7e2e-4628-991e-28dcf9c3821a,01,Gemeinde Icking,t:08178920015,Icking,82057,DE216,DEU,,,buyer,https://zv-oberland.de,anst-oer-kommun,,,,
d67d21b0-4b54-4ba6-96e2-3b6b23819299,01,Stadt Gronau (Westf.),05554002002-31001-75,Gronau,48599,DEA34,DEU,http://www.gronau.de,,buyer,,kommun-beh,,,,
d67d21b0-4b54-4ba6-96e2-3b6b23819299,01,Vergabekammer Westfalen,05515-03004-07,Münster,48147,DEA33,DEU,http://www.bezreg-muenster.nrw.de/de/wirtschaft_finanzen_kommunalaufsicht/vergabekammer_westfalen/index.html,,reviewer,,,,,,
1b85bfe4-fb5b-49bb-84de-474fa2eb9ef5,01,Gemeinde Gundelfingen,Gemeindeschlüssel 08 3 15 047,Gundelfingen,79194,DE132,DEU,,,buyer,,kommun-beh,,,,
1b85bfe4-fb5b-49bb-84de-474fa2eb9ef5,01,"Vergabekammer Baden-Württemberg, Regierungspräsidium Karlsruhe",08-A9866-40,Karlsruhe,76247,DE123,DEU,https://rp.baden-wuerttemberg.de/rpk/Abt1/Ref15/Seiten/default.aspx,,reviewer,,,,,,
adbbb2a3-a548-485c-b584-b649f0cff1b3,01,Immobilien Bremen - Eigenbetrieb der Stadtgemeinde Bremen,entfällt,Bremen,28215,DE501,DEU,https://vergabe.bremen.de,,buyer,https://vergabe.bremen.de,pub-undert,,,,
adbbb2a3-a548-485c-b584-b649f0cff1b3,01,"Vergabekammer der Freien Hansestadt Bremen bei der Senatorin für Bau, Mobilität und Stadtentwicklung",keine Angaben,Bremen,28195,DE501,DEU,https://www.bauumwelt.bremen.de,,reviewer,,,,,,
adbbb2a3-a548-485c-b584-b649f0cff1b3,01,"Vergabekammer der Freien Hansestadt Bremen bei der Senatorin für Bau, Mobilität und Stadtentwicklung",keine Angaben,Bremen,28195,DE501,DEU,https://www.bauumwelt.bremen.de,,,,,,,,
358aa36b-0b4d-406d-b3f0-3823146a9ea6,01,Landratsamt München - Zentrale Vergabestelle und Einkauf,09-0318253-95,München,81829,DE212,DEU,http://www.landkreis-muenchen.de,,buyer,https://plattform.aumass.de/Veroeffentlichung/av284b57-eu,kommun-beh,,,,
358aa36b-0b4d-406d-b3f0-3823146a9ea6,01,Regierung von Oberbayern - Vergabekammer Südbayern,USt-ID DE811335517,München,80538,DE212,DEU,https://www.regierung.oberbayern.bayern.de/ueber_uns/zentralezustaendigkeiten/vergabekammer-suedbayern/,,reviewer,,,,,,
005970e4-fa83-4d72-b88d-6b8acfe47c4a,01,Immobilien Bremen - Eigenbetrieb der Stadtgemeinde Bremen,entfällt,Bremen,28215,DE501,DEU,https://vergabe.bremen.de,,buyer,https://vergabe.bremen.de,pub-undert,,,,
005970e4-fa83-4d72-b88d-6b8acfe47c4a,01,"Vergabekammer der Freien Hansestadt Bremen bei der Senatorin für Bau, Mobilität und Stadtentwicklung",keine Angabe,Bremen,28195,DE501,DEU,https://bau.bremen.de/ressort/vergabekammer-3529,,reviewer,,,,,,
005970e4-fa83-4d72-b88d-6b8acfe47c4a,01,"Vergabekammer der Freien Hansestadt Bremen bei der Senatorin für Bau, Mobilität und Stadtentwicklung",nicht bekannt,Bremen,28195,DE501,DEU,https://www.bauumwelt.bremen.de,,,,,,,,
125814cb-3fd3-45fb-8ee4-1940fc409986,01,Landkreis Rottal-Inn,09277000-Ri1500-46,Pfarrkirchen,84347,DE22A,DEU,http://www.rottal-inn.de,,buyer,https://www.rottal-inn.de/landkreis-region/aktuelle-ausschreibungen/,kommun-beh,,,,
125814cb-3fd3-45fb-8ee4-1940fc409986,01,"Regierung von Oberbayern, Vergabekammer Südbayern",09-0318006-60,München,80538,DE212,DEU,,,reviewer,,,,,,
5136b73e-1a8c-4623-ba6e-68446d10b433,01,Verbandsgemeinde Wittlich-Land,07 23 15 00 80 00 - 001 - 70,Wittlich,54516,DEB22,DEU,www.vg-wittlich-land.de,,buyer,,kommun-beh,,,,
5136b73e-1a8c-4623-ba6e-68446d10b433,01,"MWVLW RLP, Vergabekammer",07-0001801100000-05,Mainz,55116,DEB35,DEU,www.mwvlw.rlp.de,,reviewer,,,,,,
615b5280-a5cf-40f2-b7b9-3da4726c7de4,01,Verbandsgemeinde Wittlich-Land,07 23 15 00 80 00 - 001 - 70,Wittlich,54516,DEB22,DEU,www.vg-wittlich-land.de,,buyer,,kommun-beh,,,,
615b5280-a5cf-40f2-b7b9-3da4726c7de4,01,"MWVLW RLP, Vergabekammer",07-0001801100000-05,Mainz,55116,DEB35,DEU,www.mwvlw.rlp.de,,reviewer,,,,,,
01a0a39a-b1ce-41e2-a40e-d2a19840eef3,01,"Stadtverwaltung Zwickau, Liegenschafts- und
Hochbauamt",keine,Zwickau,08056,DED45,DEU,https://www.zwickau.de,,buyer,,kommun-beh,,,,
01a0a39a-b1ce-41e2-a40e-d2a19840eef3,01,"1.Vergabekammer des Freistaates Sachsen bei
der Landesdirektion Sachsen",keine,Leipzig,04107,DED52,DEU,,,reviewer,,,,,,
37ef6440-39ad-4711-b6d8-50cd3e259338,01,Stadt Wildau,t:0049337550510,Wildau,15745,DE406,DEU,https://www.wildau.de/,,buyer,,kommun-beh,,,,
37ef6440-39ad-4711-b6d8-50cd3e259338,01,"Vergabekammer des Landes Brandenburg beim Ministerium für Wirtschaft, Energie, Klimaschutz und Europa",t:03318661719,Potsdam,14473,DE404,DEU,,,reviewer,,,,,,
b66086b4-5a0c-43e5-beff-d9e5bd9b4747,01,Kreis Kleve Bauverwaltungs-GmbH,9442,Bedburg-Hau,47551,DEA1B,DEU,https://www.deutsche-evergabe.de,,buyer,https://www.deutsche-evergabe.de,koerp-oer-kommun,,,,
b66086b4-5a0c-43e5-beff-d9e5bd9b4747,01,Vergabekammer Rheinland,11fdf835-bf54-48cc-b6a8-6088181f7a7a,Köln,50606,DEA23,DEU,,,reviewer,,,,,,
bdb7cd0f-27a9-49e6-be6e-c80723885512,01,"Stadt Köln, Amt für Recht, Vergabe und Versicherungen",07999,Köln,50679,DEA23,DEU,https://www.stadt-koeln.de,,buyer,https://www.stadt-koeln.de,kommun-beh,,,,
bdb7cd0f-27a9-49e6-be6e-c80723885512,01,Vergabekammer Westfalen,05515-03004-07,Münster,48147,DEA33,DEU,https://www.bezreg-muenster.de/themen/wirtschaft-kultur-und-kommunales/vergabekammer-westfalen,,reviewer,,,,,,
7d14c033-c833-4b40-8efc-e2ed271a3c3d,01,Verbandsgemeinde Wittlich-Land,07 23 15 00 80 00 - 001 - 70,Wittlich,54516,DEB22,DEU,www.vg-wittlich-land.de,,buyer,,kommun-beh,,,,
7d14c033-c833-4b40-8efc-e2ed271a3c3d,01,"MWVLW RLP, Vergabekammer",07-0001801100000-05,Mainz,55116,DEB35,DEU,www.mwvlw.rlp.de,,reviewer,,,,,,
9d83ea1f-2e6a-4af3-9974-0b8a7823c726,01,Verbandsgemeinde Wittlich-Land,07 23 15 00 80 00 - 001 - 70,Wittlich,54516,DEB22,DEU,www.vg-wittlich-land.de,,buyer,,kommun-beh,,,,
9d83ea1f-2e6a-4af3-9974-0b8a7823c726,01,"MWVLW RLP, Vergabekammer",07-0001801100000-05,Mainz,55116,DEB35,DEU,www.mwvlw.rlp.de,,reviewer,,,,,,
741f8574-9ba3-434b-bf87-42f565cdff51,01,Bundesrepublik Deutschland endvertreten durch Gebäudemanagement Schleswig-Holstein,01 - 2002--79,Lübeck,23566,DEF03,DEU,https://gmsh.de,,buyer,https://www.e-vergabe-sh.de/,oberst-bbeh,,,,
741f8574-9ba3-434b-bf87-42f565cdff51,01,Vergabekammer des Bundes,t:022894990,Bonn,53123,DEA22,DEU,,,reviewer,,,,,,
741f8574-9ba3-434b-bf87-42f565cdff51,01,Gebäudemanagement Schleswig-Holstein AöR VOB-Submissionsstelle,01-2002 - 79,Lübeck,23566,DEF03,DEU,https://gmsh.de,,,,,,,,
85c9a7bb-cf66-405a-93c9-50857968cd15,01,Landratsamt Main-Tauber-Kreis,00,Tauberbischofsheim,97941,DE11B,DEU,https://www.main-tauber-kreis.de,,buyer,https://www.vergabe24.de,kommun-beh,,,,
85c9a7bb-cf66-405a-93c9-50857968cd15,01,Vergabekammer Baden-Württemberg Regierungspräsidium Karlsruhe,0725642,Karlsruhe,76137,DE122,DEU,,,reviewer,,,,,,
77b9119d-d72d-4bca-adc2-6341ef20117a,01,Staatliches Hochbauamt Heidelberg,08-A7182-41,Heidelberg,69115,DE125,DEU,https://www.bundesbau-bw.de,,buyer,www.vergabe.landbw.de,omu-lbeh,,,,
77b9119d-d72d-4bca-adc2-6341ef20117a,01,Vergabekammer des Bundes beim Bundeskartellamt,'----,Bonn,53123,DEA22,DEU,,,reviewer,,,,,,
77b9119d-d72d-4bca-adc2-6341ef20117a,01,Staatliches Hochbauamt Heidelberg,'---,Heidelberg,69115,DE111,DEU,https://www.bundesbau-bw.de,,,,,,,,
abadc72a-717a-45fc-9044-e7eb3dad334a,01,Handwerkskammer Dortmund,DE254718695,Dortmund,44139,DEA52,DEU,,,buyer,,anst-oer-kommun,,,,
abadc72a-717a-45fc-9044-e7eb3dad334a,01,Vergabekammer Westfalen,05515-03004-07,Münster,48147,DEA33,DEU,,,reviewer,,,,,,
3b62235d-ca80-4e03-9c3e-297de871fe80,01,Kommunaler Immobilien Service Potsdam (KIS) Eigenbetrieb der Landeshauptstadt Potsdam,DE138408386,Potsdam,14469,DE404,DEU,,,buyer,,kommun-beh,,,,
3b62235d-ca80-4e03-9c3e-297de871fe80,01,"Landeshauptstadt Potsdam, Bereich Vergabemanagement - Submissionsstelle",ohne Angabe,Potsdam,14469,DE404,DEU,,,serv-prov,,,,,,
3b62235d-ca80-4e03-9c3e-297de871fe80,01,"Vergabekammer des Landes Brandenburg beim Ministerium für Wirtschaft, Arbeit, Energie und Klimaschutz",DE260080782,Potsdam,14473,DE404,DEU,,,reviewer,,,,,,
3084e989-acb5-4689-8ebb-6bf0ad8e0903,01,Zweckverband Staatliche weiterführende Schulen im Süden des Landkreises München,DE129523752,Oberhaching,82041,DE21H,DEU,https://www.campus-deisenhofen.de/,,buyer,https://plattform.aumass.de/Veroeffentlichung/av284a81-eu,kommun-beh,,,,
3084e989-acb5-4689-8ebb-6bf0ad8e0903,01,Regierung von Oberbayern,09-0318006-60,München,80538,DE212,DEU,https://www.regierung.oberbayern.bayern.de/ueber_uns/zentralezustaendigkeiten/vergabekammer-suedbayern/index.html,,reviewer,,,,,,
07e2fa36-a8c8-4b6b-94d1-b5ec715848fc,01,Stadt Göttingen,031590016016-0-80,Göttingen,37083,DE91C,DEU,https://www.goettingen.de/,,buyer,https://www.goettingen.de/portal/startseite.html,kommun-beh,,,,
07e2fa36-a8c8-4b6b-94d1-b5ec715848fc,01,Vergabekammer Niedersachsen,t:04131153308,Lüneburg,21339,DE935,DEU,https://www.mw.niedersachsen.de/startseite/themen/aufsicht_und_recht/vergabekammer_rechtslage_ab_18_04_2016/vergabekammer-niedersachsen-144803.html,,reviewer,,,,,,
10b4365a-23af-4cbd-874f-5faa960c37e5,01,Gemeinde Gundelfingen,Gemeindeschlüssel 08 3 15 047,Gundelfingen,79194,DE132,DEU,,,buyer,,kommun-beh,,,,
10b4365a-23af-4cbd-874f-5faa960c37e5,01,"Vergabekammer Baden-Württemberg, Regierungspräsidium Karlsruhe",08-A9866-40,Karlsruhe,76247,DE123,DEU,https://rp.baden-wuerttemberg.de/rpk/Abt1/Ref15/Seiten/default.aspx,,reviewer,,,,,,
2d885c65-7f8d-466b-ae79-a214d09abef4,01,Stadtverwaltung Ellwangen - Hochbauamt,DE 144 630 699,Ellwangen (Jagst),73479,DE11D,DEU,http://www.ellwangen.de/ausschreibungen,,buyer,,kommun-beh,,,,
2d885c65-7f8d-466b-ae79-a214d09abef4,01,RP Karlsruhe,'---,Karlsruhe,76131,DE123,DEU,,,reviewer,,,,,,
78a13158-21b8-4927-8497-55f095cffba6,01,Gesundheitszentrum in Bad Waldliesborn GmbH,Berichtseinheit-ID 00009826,Lippstadt,59556,DEA5B,DEU,,,buyer,,pub-undert,,,,
78a13158-21b8-4927-8497-55f095cffba6,01,Vergabekammer Westfalen,05515-03004-07,Münster,48147,DEA33,DEU,,,reviewer,,,,,,
37cdd9a6-65fb-4c7d-b7f5-ad7c7befc670,01,Stadibau GmbH Gesellschaft für den Staatsbediensteten Wohnungsbau in Bayern mbH,DE129465401,München,80637,DE212,DEU,https://stadibau.bayern/,,buyer,https://plattform.aumass.de/Veroeffentlichung/av286ae2-eu,anst-oer-land,,,,
37cdd9a6-65fb-4c7d-b7f5-ad7c7befc670,01,"Vergabekammer Südbayern, 80538 München",DE 811335517,München,80538 ,DE212,DEU,https://www.regierung.oberbayern.bayern.de/ueber_uns/zentralezustaendigkeiten/vergabekammer-suedbayern/index.html,,reviewer,,,,,,
46d59055-2d6b-4dd0-8259-86b3ae67397c,01,Land Berlin – Sondervermögen Immobilien des Landes Berlin (SILB) c/o BIM Berliner Immobilienmanagement GmbH,11-2200011000-02,Berlin,10178,DE300,DEU,https://www.bim-berlin.de,,buyer,,grp-p-aut,,,,
46d59055-2d6b-4dd0-8259-86b3ae67397c,01,BIM Berliner Immobilienmanagement GmbH,11-2100019001-07,Berlin,10178,DE300,DEU,https://www.bim-berlin.de,,serv-prov,,,,,,
46d59055-2d6b-4dd0-8259-86b3ae67397c,01,Vergabekammer des Landes Berlin,11-1300000V00-74,Berlin,10825,DE300,DEU,https://www.berlin.de/sen/wirtschaft/wirtschaft/wirtschaftsrecht/vergabekammer/,,reviewer,,,,,,
3eb98c24-107b-4db4-9bc7-13790e23b295,01,Rems-Murr-Kliniken gGmbH,t:071955910,Winnenden,71634,DE116,DEU,,,buyer,,pub-undert-ra,,,,
3eb98c24-107b-4db4-9bc7-13790e23b295,01,Menold Bezler Rechtsanwälte Steuerberater Wirtschaftsprüfer Partnerschaft mbB,PR 155 (Registergericht Stuttgart),Stuttgart,70191,DE111,DEU,http://www.menoldbezler.de,,serv-prov,,,,,,
3eb98c24-107b-4db4-9bc7-13790e23b295,01,Vergabekammer Baden-Württemberg beim Regierungspräsidium Karlsruhe,08-A9866-40,Karlsruhe,76131,DE122,DEU,,,reviewer,,,,,,
4d70dd3a-19b8-45bb-8fe1-cc4dbf9f9bc0,01,Zweckverband Staatliche weiterführende Schulen im Südosten des Landkreises München (Schulzweckverband Südost),unbekannt1,Neubiberg,"85579
",DE21H,DEU,www.szv-m.de,,buyer,https://plattform.aumass.de/Veroeffentlichung/av286b62-eu,koerp-oer-kommun,,,,
4d70dd3a-19b8-45bb-8fe1-cc4dbf9f9bc0,01,Hitzler Ingenieure GmbH & Co. KG,unbekannt3,München,80807,DE212,DEU,,,,,,,,,
4d70dd3a-19b8-45bb-8fe1-cc4dbf9f9bc0,01,Vergabekammer Südbayern bei der Regierung von Oberbayern,0000,"München
",80538,DE212,DEU,https://www.regierung.oberbayern.bayern.de/,,reviewer,,,,,,
2127b926-d426-4e4b-903f-6ca78cf49240,01,Staatliches Hochbauamt Heidelberg,08-A7182-41,Heidelberg,69115,DE125,DEU,https://www.bundesbau-bw.de,,buyer,,omu-lbeh,,,,
2127b926-d426-4e4b-903f-6ca78cf49240,01,Vergabekammer des Bundes beim Bundeskartellamt,'----,Bonn,53123,DEA22,DEU,,,reviewer,,,,,,
2127b926-d426-4e4b-903f-6ca78cf49240,01,Staatliches Hochbauamt Heidelberg,'---,Heidelberg,69115,DE111,DEU,https://www.bundesbau-bw.de,,,,,,,,
b5167006-df6c-4516-b249-954d8e8f3df2,01,Landratsamt Main-Tauber-Kreis,00,Tauberbischofsheim,97941,DE11B,DEU,https://www.main-tauber-kreis.de,,buyer,https://www.vergabe24.de,kommun-beh,,,,
b5167006-df6c-4516-b249-954d8e8f3df2,01,Vergabekammer Baden-Württemberg Regierungspräsidium Karlsruhe,0725642,Karlsruhe,76137,DE122,DEU,,,reviewer,,,,,,
74213ead-8e86-41f8-b1d4-eff6c6ab222a,01,Große Kreisstadt Dippoldiswalde,14628060-SVO1-18,Dippoldiswalde,01744,DED2F,DEU,,,buyer,,kommun-beh,,,,
74213ead-8e86-41f8-b1d4-eff6c6ab222a,01,Landesdirektion Sachsen - Vergabekammer - Referat 38,keine Angaben,Leipzig,04107,DED51,DEU,,,reviewer,,,,,,
58ff65ad-ad0d-43da-9705-373a3e18d3db,01,Zweckverband Schulzentrum,09-5001110-34,Hassfurt,97437,DE267,DEU,,,buyer,https://www.hassberge.de/,koerp-oer-kommun,,,,
58ff65ad-ad0d-43da-9705-373a3e18d3db,01,Vergabekammer Nordbayern,DE8111335517,Ansbach,91522,DE251,DEU,https://www.regierung.mittelfranken.bayern.de/service/vergabekammer/index.html,,reviewer,,,,,,
c76203cb-e304-450e-ab70-f351183aeb21,01,Kreis Offenbach - FD Gebäudewirtschaft,.,Dietzenbach,63128,DE71C,DEU,,,buyer,,kommun-beh,,,,
c76203cb-e304-450e-ab70-f351183aeb21,01,Vergabekammern des Landes Hessen bei dem Regierungspräsidium Darmstadt,t:06151126603,Darmstadt,64283,DE711,DEU,,,reviewer,,,,,,
c76203cb-e304-450e-ab70-f351183aeb21,01,Vergabekammern des Landes Hessen bei dem Regierungspräsidium Darmstadt,t:06151126603,Darmstadt,64283,DE711,DEU,,,,,,,,,
c76203cb-e304-450e-ab70-f351183aeb21,01,Vergabekammern des Landes Hessen bei dem Regierungspräsidium Darmstadt,t:06151126603,Darmstadt,64283,DE711,DEU,,,mediator,,,,,,
81db0040-7ed0-434a-947e-7113d2568512,01,Wasserstraßen- und Schifffahrtsamt Weser - Jade - Nordsee,0204:991-00600-97,Bremen,28199,DE501,DEU,https://www.wsv.de,,buyer,https://www.evergabe-online.de,omu-bbeh,,,,
81db0040-7ed0-434a-947e-7113d2568512,01,"Bundeskartellamt
– Vergabekammer des Bundes –",t:022894990,Bonn,53113,DEA22,DEU,https://www.bundeskartellamt.de,,reviewer,,,,,,
470072e8-59d4-460e-83d7-7ef747d9690f,01,SEFE Energy Holding GmbH,DE 240331955,Kassel,34117,DE731,DEU,,,buyer,,,,,,
470072e8-59d4-460e-83d7-7ef747d9690f,01,hpm Henkel Projektmanagement GmbH,DE291907375,Dresden,01159,DED21,DEU,,,serv-prov,,,,,,
470072e8-59d4-460e-83d7-7ef747d9690f,01,SEFE Securing Energy for Europe GmbH,DE137188798,Berlin,10969,DE300,DEU,https://www.sefe.eu/de/,,,,,,,,
470072e8-59d4-460e-83d7-7ef747d9690f,01,1. und 2. Vergabekammer bei dem Regierungspräsidium Darmstadt,06151 126603,Darmstadt,64283,DE711,DEU,,,reviewer,,,,,,
c3a9b49a-2f04-4f8c-8eb2-c8341bbafabe,01,Staatliches Bauamt Ingolstadt,09-0991208-91,Ingolstadt,85049,DE211,DEU,,,serv-prov,https://vergabe.bayern.de,omu-lbeh,,,,
c3a9b49a-2f04-4f8c-8eb2-c8341bbafabe,01,Vergabekammer des Bundes am Bundeskartellamt,991-02380-92,Bonn,53113,DEA22,DEU,,,reviewer,,,,,,
c3a9b49a-2f04-4f8c-8eb2-c8341bbafabe,01,Staatliches Bauamt Ingolstadt-Vergabestelle,t:084193460,Ingolstadt,85049,DE211,DEU,,,,,,,,,
ad444921-a025-4950-b270-afc0dd34dd39,01,Gemeinde Kressbronn a. B.,andreas.wenzler@kressbronn.de,Kressbronn a. B.,88079,DE147,DEU,https://www.kressbronn.de,,buyer,,kommun-beh,,,,
ad444921-a025-4950-b270-afc0dd34dd39,01,Vergabekammer Baden-Württemberg beim Regierungspräsidium Karlsruhe,/,Karlsruhe,76131,DE122,DEU,,,reviewer,,,,,,
b86b2a2d-f22f-4843-9c9e-47873e5a5838,01,"Sondervermögen Infrastruktur der Stadtgemeinde Bremen, vertreten durch das Amt für Straßen und Verkehr",04011000-601XASV-76,Bremen,28195,DE501,DEU,https://www.asv.bremen.de,,buyer,https://vergabe.bremen.de,kommun-beh,,,,
b86b2a2d-f22f-4843-9c9e-47873e5a5838,01,"Vergabekammer Bremen, Die Senatorin für Bau, Mobilität und Stadtentwicklung",040111000-680-57,Bremen,28195,DE501,DEU,https://bau.bremen.de/ressort/vergabekammer-3529,,reviewer,,,,,,
b86b2a2d-f22f-4843-9c9e-47873e5a5838,01,"Vergabekammer Bremen, Die Senatorin für Bau, Mobilität und Stadtentwicklung",040111000-680-57,Bremen,28195,DE501,DEU,https://bau.bremen.de/ressort/vergabekammer-3529,,,,,,,,
b86b2a2d-f22f-4843-9c9e-47873e5a5838,01,"Vergabekammer Bremen, Die Senatorin für Bau, Mobilität und Stadtentwicklung",040111000-680-57,Bremen,28195,DE501,DEU,https://bau.bremen.de/ressort/vergabekammer-3529,,mediator,,,,,,
5d148dca-836a-4cbe-8ad5-ef933ebbaa3b,01,50Hertz Transmission GmbH: Vertragsschließende Einheit / Auftraggeber (Contracting Entity) für Lots 1–5,DE813473551,Berlin,10825,DE300,DEU,http://www.50hertz.com,,buyer,https://www.50hertz.com,spec-rights-entity,,,,
5d148dca-836a-4cbe-8ad5-ef933ebbaa3b,01,Elia Asset S.A.: Vertragsschließende Einheit / Auftraggeber (Contracting Entity) für Lot 6,BE0XXXXXXXXX (Elia Asset S.A.),Brussels,1000,BE100,BEL,https://www.eliagroup.eu/,,buyer,https://www.eliagroup.eu,spec-rights-entity,,,,
8ec97d74-8d96-4e6a-a0e8-c75d7647570b,01,DB InfraGO AG – Geschäftsbereich Fahrweg (Bukr 16),fb197f94-7578-4673-8a57-4642ae120532,Frankfurt Main,60327,DE712,DEU,http://www.deutschebahn.com/bieterportal/,,buyer,,,,,,
8ec97d74-8d96-4e6a-a0e8-c75d7647570b,01,Vergabekammer des Bundes,0a9ea480-08e4-4ab6-bf12-d722d0ad54b6,Bonn,53113,DEA22,DEU,,,reviewer,,,,,,
8ec97d74-8d96-4e6a-a0e8-c75d7647570b,01,DB RegioNetz Infrastruktur GmbH (Bukr 76),f9b97d37-924b-40d5-8c92-7485719515e1,Frankfurt am Main,60486,DE712,DEU,http://www.deutschebahn.com/bieterportal,,buyer,,,,,,
90f332ed-04ca-467f-9af8-5e6e8e9ac165,01,Vitos gGmbH für Vitos Gießen-Marburg gGmbH,DE444761104,Gießen,35394,DE724,DEU,https://www.vitos.de,,buyer,https://vitos.de,pub-undert,,,,
90f332ed-04ca-467f-9af8-5e6e8e9ac165,01,Vergabekammer des Landes Hessen beim Regierungspräsidium Darmstadt,t:06151126603,Darmstadt,64283,DE711,DEU,,,reviewer,,,,,,
e9684303-556d-4be9-b2f7-525e90f7aa61,01,St. Elisabeth-Hospital Beckum GmbH,DE233207393,Beckum,59269,DEA38,DEU,,,buyer,,org-sub,,,,
e9684303-556d-4be9-b2f7-525e90f7aa61,01,Vergabekammer Westfalen - Bezirksregierung Münster,DE 164 242 157,Münster,48147,DEA33,DEU,https://www.bezreg-muenster.de,,reviewer,,,,,,
b6497276-a5eb-4c66-ac56-f86604960788,01,"Stadt Bochum, Referat Zentrale Vergabestelle",05911-31001-89,Bochum,44787,DEA51,DEU,,,buyer,,kommun-beh,,,,
b6497276-a5eb-4c66-ac56-f86604960788,01,Vergabekammer Westfalen bei der Bezirksregierung Münster,05515-03004-07,Münster,48147,DEA33,DEU,,,reviewer,,,,,,
01a0a444-1c07-471e-b755-941f4becd2ee,01,Sächsische Binnenhäfen Oberelbe GmbH,Ust-ID: DE140300361,Dresden,01067,DED21,DEU,,,buyer,,,,,,
01a0a444-1c07-471e-b755-941f4becd2ee,01,LISt Gesellschaft für Verkehrswesen und ingenieurtechnische Dienstleistungen mbH,14-0706002LASUV07-27,Hainichen,09661,DED43,DEU,,,,,,,,,
01a0a444-1c07-471e-b755-941f4becd2ee,01,1. Vergabekammer des Freistaates Sachsen bei der Landesdirektion Sachsen,DE287064009,Leipzig,04107,DED51,DEU,https://www.lds.sachsen.de,,reviewer,,,,,,
1594f91b-44f6-456a-a325-ad98833404bc,01,Kreis Offenbach - FD Gebäudewirtschaft,.,Dietzenbach,63128,DE71C,DEU,,,buyer,,kommun-beh,,,,
1594f91b-44f6-456a-a325-ad98833404bc,01,Vergabekammern des Landes Hessen bei dem Regierungspräsidium Darmstadt,t:06151126603,Darmstadt,64283,DE711,DEU,,,reviewer,,,,,,
1594f91b-44f6-456a-a325-ad98833404bc,01,Vergabekammern des Landes Hessen bei dem Regierungspräsidium Darmstadt,t:06151126603,Darmstadt,64283,DE711,DEU,,,,,,,,,
1594f91b-44f6-456a-a325-ad98833404bc,01,Vergabekammern des Landes Hessen bei dem Regierungspräsidium Darmstadt,t:06151126603,Darmstadt,64283,DE711,DEU,,,mediator,,,,,,
dc92350b-924f-472a-8ea4-53cee8ca4be7,01,kbo-Inn-Salzach Klinikum gGmbH,7836,Wasserburg,83512,DE21K,DEU,https://www.deutsche-evergabe.de,,buyer,https://www.deutsche-evergabe.de,koerp-oer-kommun,,,,
dc92350b-924f-472a-8ea4-53cee8ca4be7,01,Vergabekammer Südbayern - Regierung von Oberbayern,2a058ba9-f946-4a18-8583-8f3fa2d76a96,München,80538,DE212,DEU,,,reviewer,,,,,,
8850e2ed-8211-4877-8ce3-ab6cabf3515f,01,Stadt Leverkusen - Fachbereich Recht und Vergabe,05316-31001-10,Leverkusen,51373,DEA24,DEU,http://www.leverkusen.de,,buyer,,kommun-beh,,,,
8850e2ed-8211-4877-8ce3-ab6cabf3515f,01,Oberlandesgericht Düsseldorf,05111-04009-51,Düsseldorf,40474,DEA11,DEU,,,,,,,,,
8850e2ed-8211-4877-8ce3-ab6cabf3515f,01,Vergabekammer Westfalen,05515-03004-07,Münster,48147,DEA33,DEU,https://www.bezreg-muenster.de/themen/wirtschaft-kultur-und-kommunales/vergabekammer-westfalen,,reviewer,,,,,,
625720a2-3dcb-4a88-b391-48aa63d0a10f,01,"Stadt Bochum, Referat Zentrale Vergabestelle",05911-31001-89,Bochum,44787,DEA51,DEU,,,buyer,,kommun-beh,,,,
625720a2-3dcb-4a88-b391-48aa63d0a10f,01,Vergabekammer Westfalen bei der Bezirksregierung Münster,05515-03004-07,Münster,48147,DEA33,DEU,,,reviewer,,,,,,
2f3259ec-494a-445b-8973-8e88ea4d982b,01,Landratsamt Main-Tauber-Kreis,00,Tauberbischofsheim,97941,DE11B,DEU,https://www.main-tauber-kreis.de,,buyer,https://www.vergabe24.de,kommun-beh,,,,
2f3259ec-494a-445b-8973-8e88ea4d982b,01,Vergabekammer Baden-Württemberg Regierungspräsidium Karlsruhe,0725642,Karlsruhe,76137,DE122,DEU,,,reviewer,,,,,,
8d4a29da-6d95-436d-a0f7-26429bbf0f10,01,DB InfraGO AG – Geschäftsbereich Fahrweg (Bukr 16),fb197f94-7578-4673-8a57-4642ae120532,Frankfurt Main,60327,DE712,DEU,http://www.deutschebahn.com/bieterportal/,,buyer,,,,,,
8d4a29da-6d95-436d-a0f7-26429bbf0f10,01,Vergabekammer des Bundes,0a9ea480-08e4-4ab6-bf12-d722d0ad54b6,Bonn,53113,DEA22,DEU,,,reviewer,,,,,,
915313db-1a99-4a68-802f-f0707033240b,01,"Stadt Halle (Saale), Fachbereich Recht, Team Vergabe Bauleistungen/Bauplanungen",Leitweg-ID: DE 110/144/40390,Halle (Saale),06108,DEE02,DEU,https://halle.de,,buyer,,kommun-beh,,,,
915313db-1a99-4a68-802f-f0707033240b,01,1. Vergabekammer beim Landesverwaltungsamt Sachsen-Anhalt,keine Angaben,Halle (Saale),06112,DEE02,DEU,https://www.lvwa.sachsen-anhalt.de,,reviewer,,,,,,
915313db-1a99-4a68-802f-f0707033240b,01,"Stadt Halle (Saale), Fachbereich Recht, Abteilung Vergabe, z.H. Herr Kemnitzer",Leitweg-ID: DE 110/144/40390,Halle (Saale),06108,DEE02,DEU,https://halle.de,,,,,,,,
ed6675ff-7b24-4be8-8fe8-77d6714633f2,01,Landkreis Rottal-Inn,09277000-RSEGG1566-62,Pfarrkirchen,84347,DE22A,DEU,http://www.rottal-inn.de,,buyer,https://www.rottal-inn.de/landkreis-region/aktuelle-ausschreibungen/,kommun-beh,,,,
ed6675ff-7b24-4be8-8fe8-77d6714633f2,01,"Regierung von Oberbayern, Vergabekammer Südbayern",09-0318006-60,München,80538,DE212,DEU,,,reviewer,,,,,,
09b85bf3-4637-4ffe-b72a-f4a851f18c50,01,Landratsamt Main-Tauber-Kreis,00,Tauberbischofsheim,97941,DE11B,DEU,https://www.main-tauber-kreis.de,,buyer,https://www.vergabe24.de,kommun-beh,,,,
09b85bf3-4637-4ffe-b72a-f4a851f18c50,01,Vergabekammer Baden-Württemberg Regierungspräsidium Karlsruhe,0725642,Karlsruhe,76137,DE122,DEU,,,reviewer,,,,,,
f9dc1e05-3689-41bc-b82b-4ebe5fc1ffb5,01,Schulverband Adelsried-Bonstetten,DE 127508341,Adelsried,86477,DE276,DEU,https://www.gemeinde-adelsried.de,,buyer,https://www.staatsanzeiger-eservices.de,kommun-beh,,,,
f9dc1e05-3689-41bc-b82b-4ebe5fc1ffb5,01,"Regierung von Oberbayern, Vergabekammer Südbayern",DE 811335517,München,80534,DE212,DEU,,,reviewer,,,,,,
5cff7c10-1e0e-4abe-8f0b-b6345a1362a0,01,Staatliches Bauamt Schweinfurt,t:09721203305,Schweinfurt,97422,DE262,DEU,https://www.stbasw.bayern.de,,buyer,https://www.vergabe.bayern.de,omu-lbeh,,,,
5cff7c10-1e0e-4abe-8f0b-b6345a1362a0,01,Regierung Mittelfranken - Vergabekammer Nordbayern,09-0358002-61,Ansbach,91544,DE251,DEU,https://www.regierung.mittelfranken.bayern.de,,reviewer,,,,,,
5cff7c10-1e0e-4abe-8f0b-b6345a1362a0,01,Staatliches Bauamt Schweinfurt - Vergabestelle,09-0996207-32,Schweinfurt,97422,DE262,DEU,https://www.stbasw.bayern.de,,serv-prov,,,,,,
50d1e5cc-c1ae-45b5-a685-505c1595d0c8,01,Landratsamt Main-Tauber-Kreis,00,Tauberbischofsheim,97941,DE11B,DEU,https://www.main-tauber-kreis.de,,buyer,https://www.vergabe24.de,kommun-beh,,,,
50d1e5cc-c1ae-45b5-a685-505c1595d0c8,01,Vergabekammer Baden-Württemberg Regierungspräsidium Karlsruhe,0725642,Karlsruhe,76137,DE122,DEU,,,reviewer,,,,,,
a9cb14a8-596e-478a-a3e9-d94670549370,01,Landratsamt Main-Tauber-Kreis,00,Tauberbischofsheim,97941,DE11B,DEU,https://www.main-tauber-kreis.de,,buyer,https://www.vergabe24.de,kommun-beh,,,,
a9cb14a8-596e-478a-a3e9-d94670549370,01,Vergabekammer Baden-Württemberg Regierungspräsidium Karlsruhe,0725642,Karlsruhe,76137,DE122,DEU,,,reviewer,,,,,,
44c726f4-e15d-43d3-84a5-0ceb2ecbff2a,01,Landratsamt Main-Tauber-Kreis,00,Tauberbischofsheim,97941,DE11B,DEU,https://www.main-tauber-kreis.de,,buyer,https://www.vergabe24.de,kommun-beh,,,,
44c726f4-e15d-43d3-84a5-0ceb2ecbff2a,01,Vergabekammer Baden-Württemberg Regierungspräsidium Karlsruhe,0725642,Karlsruhe,76137,DE122,DEU,,,reviewer,,,,,,
24f04cdc-1d87-4457-9ca5-1dfd450fe67b,01,Stadt Nürnberg Hochbauamt SöR,c401a6a2-5015-4229-b0a7-0304ff817955,Nürnberg,90489,DE254,DEU,https://www.nuernberg.de/internet/hochbauamt/,,buyer,,kommun-beh,,,,
24f04cdc-1d87-4457-9ca5-1dfd450fe67b,01,Vergabekammer Nordbayern bei der Regierung von Mittelfranken,855daf8c-fe9f-4b20-b84c-8e495602d628,Ansbach,91522,DE251,DEU,https://www.regierung.mittelfranken.bayern.de/,,reviewer,,,,,,
24f04cdc-1d87-4457-9ca5-1dfd450fe67b,01,"Stadt Nürnberg, Rechtsamt, Abteilung 3-VMN",42c9c6cf-cf68-4f0a-863c-fd6e52b1ce0d,Nürnberg,90402,DE254,DEU,https://www.nuernberg.de/internet/rechtsamt/vergabemanagement.html,,,,,,,,
4a448abd-7f1f-4052-987f-f9aea3df2fb9,01,"Stadt Bochum, Referat Zentrale Vergabestelle",05911-31001-89,Bochum,44787,DEA51,DEU,,,buyer,,kommun-beh,,,,
4a448abd-7f1f-4052-987f-f9aea3df2fb9,01,Vergabekammer Westfalen bei der Bezirksregierung Münster,05515-03004-07,Münster,48147,DEA33,DEU,,,reviewer,,,,,,
d62756f0-2007-4111-b118-e5f44c943b18,01,Gemeindeverwaltung Möglingen,DE146128227,Möglingen,71696,DE115,DEU,https://www.moeglingen.de/de/impressum,,buyer,https://plattform.aumass.de/Veroeffentlichung/av283292-eu,omu-lbeh,,,,
d62756f0-2007-4111-b118-e5f44c943b18,01,Vergabekammer Baden-Württemberg beim Regierungspräsidium Karlsruhe,'-,Karlsruhe,76137 ,DE122,DEU,https://rp.baden-wuerttemberg.de,,reviewer,,,,,,
bb722a54-0ab3-4fed-ab47-3f00b6ada783,01,Gemeinde Hüllhorst über Kreis Minden-Lübbecke,6662,Minden,32423,DEA46,DEU,https://www.deutsche-evergabe.de,,buyer,https://www.deutsche-evergabe.de,kommun-beh,,,,
bb722a54-0ab3-4fed-ab47-3f00b6ada783,01,Vergabekammer Westfalen,feb66d38-d16d-4777-a417-140026327acc,Münster,48147,DEA33,DEU,,,reviewer,,,,,,
5f734b5e-89a1-4d03-87e5-eb2f15ad7a35,01,Struktur-Förderung Braunschweig GmbH,13413,Braunschweig,38100,DE911,DEU,https://www.deutsche-evergabe.de,,buyer,https://www.deutsche-evergabe.de,koerp-oer-kommun,,,,
5f734b5e-89a1-4d03-87e5-eb2f15ad7a35,01,"Vergabekammer Niedersachsen beim Nds. Ministerium für Wirtschaft, Arbeit, Verkehr und Digitalisierung",0261c3db-c009-4805-bf98-afff48993024,Lüneburg,21339,DE935,DEU,,,reviewer,,,,,,
719c0678-a8c7-4e34-9073-1ea5837a8f61,01,"ZfP Calw - Klinikum Nordschwarzwald, Abt. Bau & Technik",t:07051586-2604,Calw-Hirsau,75365,DE12A,DEU,https://www.kn-calw.de,,buyer,https://www.kn-calw.de,koerp-oer-land,,,,
719c0678-a8c7-4e34-9073-1ea5837a8f61,01,Vergabekammer Baden-Württemberg (im Regierungspräsidium Karlsruhe),07219268730,Karlsruhe,76131,DE122,DEU,https://www.rp.baden-wuerttemberg.de,,reviewer,,,,,,
719c0678-a8c7-4e34-9073-1ea5837a8f61,01,Vergabekammer Baden-Württemberg (im Regierungspräsidium Karlsruhe),0721-9268730,Karlsruhe,76131,DE122,DEU,https://www.rp.baden-wuerttemberg.de,,,,,,,,
719c0678-a8c7-4e34-9073-1ea5837a8f61,01,Vergabekammer Baden-Württemberg (im Regierungspräsidium Karlsruhe),0721.9268730,Karlsruhe,76131,DE122,DEU,https://www.rp.baden-wuerttemberg.de,,mediator,,,,,,
cb4cb836-775d-4166-864b-3717c808efc8,01,Klinikum Nürnberg,8783,Nürnberg,90419,DE254,DEU,https://www.klinikum-nuernberg.de/,,buyer,https://www.deutsche-evergabe.de,pub-undert,,,,
cb4cb836-775d-4166-864b-3717c808efc8,01,Vergabekammer Nordbayern,f0366e77-66b8-4ba5-9bbd-33e6584f7124,Ansbach,91511,DE251,DEU,,,reviewer,,,,,,
f44ac8af-3eef-4a35-9414-dfa76e528ad8,01,Die Autobahn GmbH des Bundes - NL Nordost,USt-ID DE329214156,Hohen Neuendorf OT Stolpe,16540,DE40A,DEU,https://www.autobahn.de,,buyer,https://vergabe.autobahn.de,pub-undert,,,,
f44ac8af-3eef-4a35-9414-dfa76e528ad8,01,Bundeskartellamt - Vergabekammern des Bundes,N.N.,Bonn,53113,DEA22,DEU,https://www.bundeskartellamt.de/DE/Vergaberecht/vergaberecht_node.html,,reviewer,,,,,,
f44ac8af-3eef-4a35-9414-dfa76e528ad8,01,Die Autobahn GmbH des Bundes,USt.-ID DE329214156,Berlin,10557,DE300,DEU,https://www.autobahn.de,,,,,,,,
f44ac8af-3eef-4a35-9414-dfa76e528ad8,01,Die Autobahn GmbH des Bundes,USt. ID DE329214156,Berlin,10557,DE300,DEU,https://www.autobahn.de,,mediator,,,,,,
fab52f0b-58ae-47ed-bbbc-1d3829b47040,01,Stadtverwaltung Neckarsulm,00003731,Neckarsulm,74172,DE118,DEU,https://www.neckarsulm.de,,buyer,https://www.vergabe24.de,kommun-beh,,,,
fab52f0b-58ae-47ed-bbbc-1d3829b47040,01,Vergabekammer Baden-Württemberg,08-A9866-40,Karlsruhe,76131,DE122,DEU,https://rpk.baden-wuerttemberg.de,,reviewer,,,,,,
fab52f0b-58ae-47ed-bbbc-1d3829b47040,01,Stadtverwaltung Neckarsulm,0 0 0 0 3 7 3 1,Neckarsulm,74172,DE118,DEU,https://www.neckarsulm.de,,,,,,,,
fab52f0b-58ae-47ed-bbbc-1d3829b47040,01,Vergabekammer Baden-Württemberg,0 8 - A 9 8 6 6 - 4 0,Karlsruhe,76131,DE122,DEU,https://www.rpk.baden-wuerttemberg.de,,mediator,,,,,,
b34d0781-ea79-41ab-9907-370f83e79047,01,SBH | Schulbau Hamburg,62f0f0af-9431-411a-8f96-be7b21daafb8,Hamburg,20355,DE600,DEU,https://schulbau.hamburg,,buyer,https://schulbau.hamburg,omu-lbeh,,,,
b34d0781-ea79-41ab-9907-370f83e79047,01,Vergabekammer bei der Behörde für Stadtentwicklung und Wohnen,19a7d79f-4d82-4e82-ae5c-6ee7ea5df0b5,Hamburg,21109,DE600,DEU,https://www.hamburg.de/behoerdenfinder/info/11725154/,,reviewer,,,,,,
b34d0781-ea79-41ab-9907-370f83e79047,01,SBH | Schulbau Hamburg,85b322a2-fc67-45d7-b38d-202dd3dddec4,Hamburg,20355,DE600,DEU,https://schulbau.hamburg,,,,,,,,
ff2ff8ed-94f5-47d4-9a40-d6363f5f5c5e,01,"Staatsbetrieb Sächsisches Immobilien- und Baumanagement, Zentrale,  Zentralstelle Vergabe- und Vertragsmanagement",233121477,Dresden,01129,DED21,DEU,https://www.sib.sachsen.de,,buyer,https://www.sachsen-vergabe.de,omu-lbeh,,,,
ff2ff8ed-94f5-47d4-9a40-d6363f5f5c5e,01,1. Vergabekammer des Freistaates Sachsen bei der Landesdirektion Sachsen,keine Angaben,Leipzig,04107,DED51,DEU,,,reviewer,,,,,,
3ee3ffd5-8ec5-4510-b21e-a9c074591fec,01,Landratsamt Main-Tauber-Kreis,00,Tauberbischofsheim,97941,DE11B,DEU,https://www.main-tauber-kreis.de,,buyer,https://www.vergabe24.de,kommun-beh,,,,
3ee3ffd5-8ec5-4510-b21e-a9c074591fec,01,Vergabekammer Baden-Württemberg Regierungspräsidium Karlsruhe,0725642,Karlsruhe,76137,DE122,DEU,,,reviewer,,,,,,
a5670d06-f5c1-44a2-b02e-d00fe844880e,01,Landkreis Freising,DE281392653,Freising,85356,DE21B,DEU,https://www.kreis-fs.de,,buyer,,kommun-beh,,,,
a5670d06-f5c1-44a2-b02e-d00fe844880e,01,Regierung von Oberbayern,DE 811335517,München,80534,DE212,DEU,https://www.regierung.oberbayern.bayern.de/ueber_uns/zentralezustaendigkeiten/vergabekammer-suedbayern/index.html,,reviewer,,,,,,
e4d3e324-99ba-4975-82a6-24cd59e5aec6,01,Stadt Sandersdorf-Brehna,15082340-0000-87,Sandersdorf-Brehna,06792,DEE05,DEU,http://www.sandersdorf-brehna.de,,buyer,,kommun-beh,,,,
e4d3e324-99ba-4975-82a6-24cd59e5aec6,01,Stadt Sandersdorf-Brehna,t:03455141536,Stadt Sandersdorf-Brehna,06792,DEE02,DEU,https://lvwa.sachsen-anhalt.de/das-lvwa/wirtschaft-bauwesen-verkehr/wirtschaft/vergabekammern/1-und-2-vergabekammer,,reviewer,,,,,,
7576de88-72a4-4142-9bc0-0348aef4d44f,01,Stadt Nürnberg Hochbauamt,b8b3f6fd-d55b-4a00-9794-a0bf85492169,Nürnberg,90402,DE254,DEU,https://www.nuernberg.de/internet/hochbauamt/,,buyer,,kommun-beh,,,,
7576de88-72a4-4142-9bc0-0348aef4d44f,01,Vergabekammer Nordbayern bei der Regierung von Mittelfranken,855daf8c-fe9f-4b20-b84c-8e495602d628,Ansbach,91522,DE251,DEU,https://www.regierung.mittelfranken.bayern.de/,,reviewer,,,,,,
7576de88-72a4-4142-9bc0-0348aef4d44f,01,"Stadt Nürnberg, Rechtsamt, Abteilung 3-VMN",42c9c6cf-cf68-4f0a-863c-fd6e52b1ce0d,Nürnberg,90402,DE254,DEU,https://www.nuernberg.de/internet/rechtsamt/vergabemanagement.html,,,,,,,,
c454fa91-86f5-4f3c-9109-a3bc53e13198,01,"Staatsbetrieb Sächsisches Immobilien- und Baumanagement, Zentrale,  Zentralstelle Vergabe- und Vertragsmanagement",233121477,Dresden,01129,DED21,DEU,https://www.sib.sachsen.de,,buyer,https://www.sachsen-vergabe.de,omu-lbeh,,,,
c454fa91-86f5-4f3c-9109-a3bc53e13198,01,1. Vergabekammer des Freistaates Sachsen bei der Landesdirektion Sachsen,k.A.,Leipzig,04107,DED51,DEU,,,reviewer,,,,,,
3fdeb952-ef6e-40e5-a887-a7e2b7cf662f,01,Samtgemeinde Lüchow (Wendland),03354507-0-84,Lüchow (Wendland),29439,DE934,DEU,https://www.luechow-wendland.de,,buyer,,kommun-beh,,,,
3fdeb952-ef6e-40e5-a887-a7e2b7cf662f,01,"Vergabekammer Niedersachsen beim Nds. Ministerium für Wirtschaft, Verkehr, Bauen und Digitalisierung",t:04131153308,Lüneburg,21339,DE935,DEU,https://www.mw.niedersachsen.de,,reviewer,,,,,,
2a55e205-4e71-40a0-ac8c-75e8bb465205,01,Universitätsklinikum des Saarlandes,DE234776341,Homburg,66424,DEC05,DEU,https://www.uniklinikum-saarland.de/de/,,buyer,https://www.uks.eu/ueber-das-uks/allgemeine-verwaltung/dezernat-iii-beschaffung-logistik/beschaffung,anst-oer-land,,,,
2a55e205-4e71-40a0-ac8c-75e8bb465205,01,"Vergabekammern des Saarlandes beim Ministerium für Wirtschaft, Arbeit, Energie und Verkehr",10000000-00108010000001-47,Saarbrücken,66119,DEC05,DEU,https://www.saarland.de/mwide/DE/themen-aufgaben/weitere_aufgaben/vergabekammern/vergabekammern,,reviewer,,,,,,
97342522-2e60-41ee-b63e-7fd68f818a0c,01,Universitätsklinikum Aachen AöR,Keine Angabe,Aachen,52074,DEA2D,DEU,https://www.ukaachen.de/kliniken-institute/ukafacilities/ukafacilities/,,buyer,,anst-oer-land,,,,
97342522-2e60-41ee-b63e-7fd68f818a0c,01,Vergabekammer Rheinland,05315-03002-81,Köln,50667,DEA23,DEU,http://www.bezreg-koeln.de,,,,,,,,
97342522-2e60-41ee-b63e-7fd68f818a0c,01,Vergabekammer Rheinland,05315-03002-81,Köln,50667,DEA23,DEU,http://www.bezreg-koeln.de,,reviewer,,,,,,
97342522-2e60-41ee-b63e-7fd68f818a0c,01,Angebotssammelstelle - elektronisch-,Keine E.,Aachen,52074,DEA2D,DEU,https://www.vergabe.nrw.de/,,,,,,,,
75a604da-489d-4c11-8fa6-c21c913fafa8,01,Access e.V.,DE 121 684 573,Aachen,52072,DEA2D,DEU,https://access-technology.de/index.php/impressum/,,buyer,,org-sub,,,,
75a604da-489d-4c11-8fa6-c21c913fafa8,01,VK Münster,05515-03004-07,Münster,48147,DEA33,DEU,https://www.brms.nrw.de/themen/wirtschaft-kultur-und-kommunales/vergabekammer-westfalen,,reviewer,,,,,,
48badf3d-488b-4187-a932-53f825f535a7,01,Staatliches Bauamt Ingolstadt,09-0991208-91,Ingolstadt,85049,DE211,DEU,,,serv-prov,https://vergabe.bayern.de,omu-lbeh,,,,
48badf3d-488b-4187-a932-53f825f535a7,01,Vergabekammer des Bundes am Bundeskartellamt,991-02380-92,Bonn,53113,DEA22,DEU,,,reviewer,,,,,,
48badf3d-488b-4187-a932-53f825f535a7,01,Staatliches Bauamt Ingolstadt-Vergabestelle,t:084193460,Ingolstadt,85049,DE211,DEU,,,,,,,,,
655042ea-1acb-49b4-af80-c050e20f7f66,01,kbo-Inn-Salzach Klinikum gGmbH,7836,Wasserburg,83512,DE21K,DEU,https://www.deutsche-evergabe.de,,buyer,https://www.deutsche-evergabe.de,koerp-oer-kommun,,,,
655042ea-1acb-49b4-af80-c050e20f7f66,01,Vergabekammer Südbayern - Regierung von Oberbayern,d5f7b474-4d9f-454b-bdc0-828376c57700,München,80538,DE212,DEU,,,reviewer,,,,,,
c0fea23b-3299-4f7d-81f9-bd0dbeff808f,01,"LESG Gesellschaft der Stadt Leipzig zur Erschließung, Entwicklung und Sanierung von Baugebieten mbH",DE156564316,Leipzig,04103,DED51,DEU,https://www.lesg-leipzig.de,,buyer,,kommun-beh,,,,
c0fea23b-3299-4f7d-81f9-bd0dbeff808f,01,"1. Vergabekammer des Freistaates Sachsen bei der Landesdirektion Sachsen, DS Leipzig",000,Leipzig,04107,DED51,DEU,,,reviewer,,,,,,
ef80485e-9b72-4f69-8fac-b1ca556c920b,01,Wasserstraßen- und Schifffahrtsamt Elbe-Nordsee,991-00541-80,Hamburg,20148,DE600,DEU,https://www.wsa-elbe-nordsee.wsv.de,,buyer,https://www.evergabe.bundesverkehrsverwaltung.de,omu-bbeh,,,,
ef80485e-9b72-4f69-8fac-b1ca556c920b,01,Bundeskartellamt - Vergabekammer des Bundes -,'+49 02289499-0,Bonn,53113,DEA22,DEU,http://www.bundeskartellamt.de,,reviewer,,,,,,
2fef9971-9508-4941-98cb-7c449a31e82e,01,"Kreisausschuss des Rheingau-Taunus-Kreises, Fachdienst IV.5",RTK1,Bad Schwalbach,65307,DE71D,DEU,https://www.rheingau-taunus.de,,buyer,,kommun-beh,,,,
2fef9971-9508-4941-98cb-7c449a31e82e,01,Rheingau-Taunus-Kreis - Zentrale Vergabestelle,RTK2,Bad Schwalbach,65307,DE71D,DEU,www.rheingau-taunus.de,,,,,,,,
2fef9971-9508-4941-98cb-7c449a31e82e,01,Rheingau-Taunus-Kreis - Zentrale Vergabestelle,RTK3,Bad Schwalbach,65307,DE71D,DEU,,,,,,,,,
2fef9971-9508-4941-98cb-7c449a31e82e,01,Vergabekammer des Landes Hessen,VK1,Darmstadt,64283,DE711,DEU,,,reviewer,,,,,,
2fef9971-9508-4941-98cb-7c449a31e82e,01,Vergabekammer des Landes Hessen,VK2,Darmstadt,64283,DE711,DEU,,,,,,,,,
2fef9971-9508-4941-98cb-7c449a31e82e,01,Vergabekammer des Landes Hessen,VK3,Darmstadt,64283,DE711,DEU,,,mediator,,,,,,
846aa4fb-948a-48cf-9b6f-0b9d5add1ffa,05,Hallesche Verkehrs-AG,DE 139 601 469,Halle (Saale),06112,DEE02,DEU,http://www.havag.com,,buyer,"http://www.havag,com",,,,,
846aa4fb-948a-48cf-9b6f-0b9d5add1ffa,05,Vergabekammer Sachsen-Anhalt beim Landesverwaltungsamt Halle,'-,Halle (Saale),06130,DEE02,DEU,,,reviewer,,,,,,
ed9237f6-d2c2-4613-be5a-13617329b435,02,kbo-Inn-Salzach Klinikum gGmbH,7836,Wasserburg,83512,DE21K,DEU,https://www.deutsche-evergabe.de,,buyer,https://www.deutsche-evergabe.de,koerp-oer-kommun,,,,
ed9237f6-d2c2-4613-be5a-13617329b435,02,Vergabekammer Südbayern - Regierung von Oberbayern,d7be5c0f-c748-4ac1-8bea-13861d76e7f1,München,80538,DE212,DEU,,,reviewer,,,,,,
9c08a1ab-83d4-49e8-a1d2-0cba0d37ceaa,01,kbo-Inn-Salzach Klinikum gGmbH,7836,Wasserburg,83512,DE21K,DEU,https://www.deutsche-evergabe.de,,buyer,https://www.deutsche-evergabe.de,koerp-oer-kommun,,,,
9c08a1ab-83d4-49e8-a1d2-0cba0d37ceaa,01,Vergabekammer Südbayern - Regierung von Oberbayern,d312e7dc-7935-47cc-affa-b208049519f5,München,80538,DE212,DEU,,,reviewer,,,,,,
f7488eee-a1ed-4f47-b78a-a9219f06abe3,1,"Bundesamt für Bauwesen und Raumordnung, in Vertretung für die BImA",,Berlin,10623,,DEU,http://www.evergabe-online.de,,buyer,,,,,,
25826982,1,DB InfraGO AG ? Geschäftsbereich Fahrweg (Bukr 16),,,,,,,,buyer,,,,,,
25818322,2,Raiffeisenbank Ems-Vechte eG,,,,,,,,buyer,,,,,,
25822876,1,Kreisverwaltung Ennepe-Ruhr,,,,,,,,buyer,,,,,,
25822880,1,Samtgemeinde Nordhümmling (LK Emsland),,,,,,,,buyer,,,,,,
25822884,1,Stadtverwaltung Mühlhausen,,,,,,,,buyer,,,,,,
25822892,1,KoPart eG,,,,,,,,buyer,,,,,,
25822900,1,Samtgemeinde Nordhümmling (LK Emsland),,,,,,,,buyer,,,,,,
25822904,1,Stadt Neuss,,,,,,,,buyer,,,,,,
25822908,1,Verbandsgemeindeverwaltung Herxheim,,,,,,,,buyer,,,,,,
25822912,1,Wasserverband Bremervörde,,,,,,,,buyer,,,,,,
25822916,1,Helmholtz-Zentrum Berlin für Materialien und Energie GmbH (HZB),,,,,,,,buyer,,,,,,
25822920,1,Entsorgungsbetriebe Lübeck,,,,,,,,buyer,,,,,,
25822924,1,Gemeinde Freisen,,,,,,,,buyer,,,,,,
25822928,1,Gemeinde Freisen,,,,,,,,buyer,,,,,,
25822932,1,Kölner Verkehrs-Betriebe AG,,,,,,,,buyer,,,,,,
25822952,1,Gemeinde Löcknitz über Amt Löcknitz-Penkun,,,,,,,,buyer,,,,,,
25822956,1,Deutsches Zentrum für Luft- und Raumfahrt e.V. | TI-ZVM,,,,,,,,buyer,,,,,,
25822964,1,Stadt Malchin,,,,,,,,buyer,,,,,,
25822852,1,Wasserverband Bremervörde,,,,,,,,buyer,,,,,,
25822856,1,Zweckverband Abfallwirtschaft Celle,,,,,,,,buyer,,,,,,
25825368,1,Kreisverwaltung Ennepe-Ruhr,,,,,,,,buyer,,,,,,
25825372,1,Samtgemeinde Nordhümmling (LK Emsland),,,,,,,,buyer,,,,,,
25825376,1,Stadtverwaltung Mühlhausen,,,,,,,,buyer,,,,,,
25825384,1,KoPart eG,,,,,,,,buyer,,,,,,
25825392,1,Samtgemeinde Nordhümmling (LK Emsland),,,,,,,,buyer,,,,,,
25825396,1,Stadt Neuss,,,,,,,,buyer,,,,,,
25825400,1,Wasserverband Bremervörde,,,,,,,,buyer,,,,,,
25825404,1,Helmholtz-Zentrum Berlin für Materialien und Energie GmbH (HZB),,,,,,,,buyer,,,,,,
25825408,1,Entsorgungsbetriebe Lübeck,,,,,,,,buyer,,,,,,
25825412,1,Gemeinde Freisen,,,,,,,,buyer,,,,,,
25825416,1,Gemeinde Freisen,,,,,,,,buyer,,,,,,
25825420,1,Kölner Verkehrs-Betriebe AG,,,,,,,,buyer,,,,,,
25825432,1,Deutsches Zentrum für Luft- und Raumfahrt e.V. | TI-ZVM,,,,,,,,buyer,,,,,,
25825440,1,Stadt Malchin,,,,,,,,buyer,,,,,,
25821438,2,Raiffeisenbank Ems-Vechte eG,,,,,,,,buyer,,,,,,
25825348,1,Wasserverband Bremervörde,,,,,,,,buyer,,,,,,
25825352,1,Zweckverband Abfallwirtschaft Celle,,,,,,,,buyer,,,,,,
25817140,2,Stadt Barth,,,,,,,,buyer,,,,,,
25635804,1,Verbandsgemeindeverwaltung Herxheim,,,,,,,,buyer,,,,,,
25750966,2,Gemeinde Löcknitz über Amt Löcknitz-Penkun,,,,,,,,buyer,,,,,,
25744564,2,Technische Universität Berlin,,,,,,,,buyer,,,,,,
25723776,3,DB InfraGO AG ? Geschäftsbereich Fahrweg (Bukr 16),,,,,,,,buyer,,,,,,
25823454,1,Stadt Müncheberg,,,,,,,,buyer,,,,,,
25719552,1,DB InfraGO AG ? Geschäftsbereich Fahrweg (Bukr 16),,,,,,,,buyer,,,,,,
25823356,1,Techniker Krankenkasse,,,,,,,,buyer,,,,,,
25823352,1,Techniker Krankenkasse,,,,,,,,buyer,,,,,,
25827156,1,Markt Rentweinsdorf,,,,,,,,buyer,,,,,,
25822756,1,HANSEAT Verein für Wassersport e.V.,,,,,,,,buyer,,,,,,
25822708,1,Rettungszweckverband Südwestsachsen,,,,,,,,buyer,,,,,,
25823406,1,Kommunaler Immobilien Service Potsdam (KIS) Eigenbetrieb der Landeshauptstadt Potsdam,,,,,,,,buyer,,,,,,
25823012,1,Bundesrepublik Deutschland vertreten durch das Staatliche Baumanagement Niedersachsen,,,,,,,,buyer,,,,,,
25825852,1,LBB Regionale Vergabestelle Trier,,,,,,,,buyer,,,,,,
25822632,1,Stadtverwaltung Pirna,,,,,,,,buyer,,,,,,
25822628,1,Stadtverwaltung Pirna,,,,,,,,buyer,,,,,,
25822624,1,Stadtverwaltung Pirna,,,,,,,,buyer,,,,,,
25822620,1,Innung Sanitär- und Heizungstechnik Jade,,,,,,,,buyer,,,,,,
25825660,1,Hochsauerlandkreis,,,,,,,,buyer,,,,,,
25823334,1,Amt Nordsee-Treene,,,,,,,,buyer,,,,,,
25827188,1,"Staatsbetrieb Sächsisches Immobilien- und Baumanagement, Zentrale,  Zentralstelle Vergabe- und Vertragsmanagement",,,,,,,,buyer,,,,,,
25823104,1,Landkreis Ammerland,,,,,,,,buyer,,,,,,
25823326,1,Dresdner Verkehrsbetriebe AG,,,,,,,,buyer,,,,,,
25827084,1,Diözese Passau KdöR,,,,,,,,buyer,,,,,,
25823348,1,Techniker Krankenkasse,,,,,,,,buyer,,,,,,
25827184,1,"Staatsbetrieb Sächsisches Immobilien- und Baumanagement, Zentrale,  Zentralstelle Vergabe- und Vertragsmanagement",,,,,,,,buyer,,,,,,
25823344,1,Techniker Krankenkasse,,,,,,,,buyer,,,,,,
25823446,1,Amt Lindow (Mark),,,,,,,,buyer,,,,,,
25827180,1,"Staatsbetrieb Sächsisches Immobilien- und Baumanagement, Zentrale,  Zentralstelle Vergabe- und Vertragsmanagement",,,,,,,,buyer,,,,,,
25827176,1,"Staatsbetrieb Sächsisches Immobilien- und Baumanagement, Zentrale,  Zentralstelle Vergabe- und Vertragsmanagement",,,,,,,,buyer,,,,,,
25825462,1,Hessen Mobil Fulda,,,,,,,,buyer,,,,,,
25826954,1,HSI Hamburger Senioren Immobilien GmbH c/o Sprinkenhof GmbH,,,,,,,,buyer,,,,,,
25826978,1,Kreis Minden-Lübbecke,,,,,,,,buyer,,,,,,
25822616,1,Innung Sanitär- und Heizungstechnik Jade,,,,,,,,buyer,,,,,,
25825844,1,LBB Regionale Vergabestelle Trier,,,,,,,,buyer,,,,,,
25826950,1,SBH | Schulbau Hamburg,,,,,,,,buyer,,,,,,
25826974,1,Verbandsgemeinde Daun,,,,,,,,buyer,,,,,,
25822584,1,"VG Nünchritz-Glaubitz, i. A. der Gemeinde Glaubitz",,,,,,,,buyer,,,,,,
25823072,1,Landkreis Northeim,,,,,,,,buyer,,,,,,
25823056,1,Niedersächsische Landesbehörde für Straßenbau und Verkehr - Geschäftsbereich Verden,,,,,,,,buyer,,,,,,
25827172,1,"Staatsbetrieb Sächsisches Immobilien- und Baumanagement, Zentrale,  Zentralstelle Vergabe- und Vertragsmanagement",,,,,,,,buyer,,,,,,
25823478,1,Vergabestelle Südpfalz,,,,,,,,buyer,,,,,,
25823784,1,Stadt Reichelsheim (Wetterau),,,,,,,,buyer,,,,,,
25776550,2,S-Bahn Hamburg GmbH  (Bukr 24),,,,,,,,buyer,,,,,,
25823306,1,Verwaltungs-Berufsgenossenschaft (VBG) - Hauptverwaltung Hamburg,,,,,,,,buyer,,,,,,
25823474,1,Vergabestelle Südpfalz,,,,,,,,buyer,,,,,,
25825840,1,LBB Regionale Vergabestelle Trier,,,,,,,,buyer,,,,,,
25823294,1,Gemeinde Harmsdorf über das Amt Lauenburgische Seen,,,,,,,,buyer,,,,,,
25826942,1,Gemeinde Scheeßel,,,,,,,,buyer,,,,,,
25827168,1,"Staatsbetrieb Sächsisches Immobilien- und Baumanagement, Zentrale,  Zentralstelle Vergabe- und Vertragsmanagement",,,,,,,,buyer,,,,,,
25822608,1,Universitätsklinikum Carl Gustav Carus Dresden an der Technischen Universität Dresden,,,,,,,,buyer,,,,,,
25822604,1,Landestalsperrenverwaltung des Freistaates Sachsen Betrieb Freiberger Mulde/Zschopau,,,,,,,,buyer,,,,,,
25822994,1,"Stadt Sindelfingen, Zentrale Vergabestelle",,,,,,,,buyer,,,,,,
25659566,4,DB InfraGO AG ? Geschäftsbereich Fahrweg (Bukr 16),,,,,,,,buyer,,,,,,
25825610,1,Bau- und Liegenschaftsbetrieb NRW Aachen,,,,,,,,buyer,,,,,,
25823366,1,Wasser- und Bodenverband &quot;Nördlicher Spreewald&quot;,,,,,,,,buyer,,,,,,
25825606,1,Bau- und Liegenschaftsbetrieb NRW Düsseldorf,,,,,,,,buyer,,,,,,
25823060,1,Gemeinde Wallenhorst,,,,,,,,buyer,,,,,,
25825602,1,Bau- und Liegenschaftbetrieb NRW Bundesbau,,,,,,,,buyer,,,,,,
25822800,1,Stadtverwaltung Lutherstadt Eisleben,,,,,,,,buyer,,,,,,
25823470,1,Verbandsgemeindeverwaltung Cochem (ZVS ZUCK),,,,,,,,buyer,,,,,,
25826918,1,DB InfraGO AG ? Geschäftsbereich Fahrweg (Bukr 16),,,,,,,,buyer,,,,,,
25822796,1,Stadtverwaltung Lutherstadt Eisleben,,,,,,,,buyer,,,,,,
25822990,1,Stadtwerke Herrenberg,,,,,,,,buyer,,,,,,
25807478,2,FHH Bezirksamt Bergedorf c/o Sprinkenhof GmbH,,,,,,,,buyer,,,,,,
25822792,1,Stadtverwaltung Lutherstadt Eisleben,,,,,,,,buyer,,,,,,
25822592,1,Cargill GmbH,,,,,,,,buyer,,,,,,
25825666,1,Ev. Kirchengemeinde An der Wipper,,,,,,,,buyer,,,,,,
25825636,1,Stadt Coesfeld,,,,,,,,buyer,,,,,,
25758778,3,Die Autobahn GmbH des Bundes - NL Nordwest,,,,,,,,buyer,,,,,,
25823052,1,Bundesrepublik Deutschland vertreten durch das Staatliche Baumanagement Niedersachsen,,,,,,,,buyer,,,,,,
25825586,1,Wasserverband Eifel-Rur - Zentrale Vergabestelle -,,,,,,,,buyer,,,,,,
25822652,1,Landeshauptstadt Dresden,,,,,,,,buyer,,,,,,
25823772,1,Universität des Saarlandes - Dezernat Zentrale Beschaffung und Dienste,,,,,,,,buyer,,,,,,
25826946,1,Zweckverband Ostholstein,,,,,,,,buyer,,,,,,
25822568,1,Erzgebirgsklinikum gGmbH,,,,,,,,buyer,,,,,,
25823254,1,studierendenWERK BERLIN,,,,,,,,buyer,,,,,,
25825458,1,"Landesbetrieb Bau und Immobilien Hessen, Niederlassung Mitte Zentrale Vergabe",,,,,,,,buyer,,,,,,
25822564,1,Landratsamt Bautzen,,,,,,,,buyer,,,,,,
25823764,1,Zentrale Vergabestelle Germersheim - Bellheim - Jockgrim - Rülzheim,,,,,,,,buyer,,,,,,
25822740,1,WAZV Mittleres Nessetal,,,,,,,,buyer,,,,,,
25822560,1,"VG Nünchritz-Glaubitz, i. A. der Gemeinde Glaubitz",,,,,,,,buyer,,,,,,
25825442,1,Landesbetrieb Straßenwesen Brandenburg Betriebssitz Hoppegarten,,,,,,,,buyer,,,,,,
25826926,1,Stadt Minden über Kreis Minden-Lübbecke,,,,,,,,buyer,,,,,,
25771066,2,Landkreis Cloppenburg,,,,,,,,buyer,,,,,,
25823162,1,Landesjagdverband Nordrhein-Westfalen e. V.,,,,,,,,buyer,,,,,,
25822700,1,Stadtverwaltung Werdau,,,,,,,,buyer,,,,,,
25823044,1,Niedersächsische Landesbehörde für Straßenbau und Verkehr - Geschäftsbereich Oldenburg,,,,,,,,buyer,,,,,,
25826922,1,Verbandsgemeinde Kusel-Altenglan,,,,,,,,buyer,,,,,,
25825706,1,Stadtverwaltung Rheinbach,,,,,,,,buyer,,,,,,
25826914,1,Stadt Landshut - Referat 5,,,,,,,,buyer,,,,,,
25826004,1,Stein und Partner Projektmanagement,,,,,,,,buyer,,,,,,
25826008,1,Stein und Partner Projektmanagement,,,,,,,,buyer,,,,,,
25823466,1,Stadtverwaltung Pirmasens - Zentrale Vergabestelle,,,,,,,,buyer,,,,,,
25825702,1,Stadt Overath-Amt für Personal und Organisation | Vergabestelle,,,,,,,,buyer,,,,,,
25823370,1,Bernau,,,,,,,,buyer,,,,,,
25826886,1,Stadt Oldenburg (Oldb),,,,,,,,buyer,,,,,,
25826906,1,Verbandsgemeinde Gerolstein,,,,,,,,buyer,,,,,,
25823040,1,Staatliches Baumanagement Braunschweig,,,,,,,,buyer,,,,,,
25823748,1,Die Autobahn GmbH des Bundes - NL Nordost,,,,,,,,buyer,,,,,,
25823170,1,Gemeinde Bad Grund (Harz),,,,,,,,buyer,,,,,,
25825296,1,Verbandsgemeinde Wittlich-Land,,,,,,,,buyer,,,,,,
25822552,1,Landratsamt Bautzen,,,,,,,,buyer,,,,,,
25823032,1,Bundesrepublik Deutschland vertreten durch das Staatliche Baumanagement Niedersachsen,,,,,,,,buyer,,,,,,
25823016,1,Niedersächsische Landesbehörde für Straßenbau und Verkehr - Geschäftsbereich Hannover,,,,,,,,buyer,,,,,,
25823402,1,"Landesamt für Bergbau, Geologie und Rohstoffe",,,,,,,,buyer,,,,,,
25822732,1,Gemeinde Südeichsfeld,,,,,,,,buyer,,,,,,
25823654,1,Interkommunales Vergabezentrum der Stadt Bad Vilbel im Auftrag des Magistrats der Stadt Nidderau,,,,,,,,buyer,,,,,,
25825652,1,Wohn + Stadtbau Wohnungsunternehmen der Stadt Münster GmbH,,,,,,,,buyer,,,,,,
25822724,1,Gemeinde Südeichsfeld,,,,,,,,buyer,,,,,,
25822728,1,Gemeinde Südeichsfeld,,,,,,,,buyer,,,,,,
25822720,1,Gemeinde Südeichsfeld,,,,,,,,buyer,,,,,,
25822712,1,Gemeinde Südeichsfeld,,,,,,,,buyer,,,,,,
25822716,1,Gemeinde Südeichsfeld,,,,,,,,buyer,,,,,,
25822696,1,Rettungszweckverband Südwestsachsen,,,,,,,,buyer,,,,,,
25822680,1,"Landesamt für Straßenbau und Verkehr, Zentrale",,,,,,,,buyer,,,,,,
25823724,1,"Stadt Frankfurt am Main, Amt für Bau und Immobilien",,,,,,,,buyer,,,,,,
25827160,1,"Staatsbetrieb Sächsisches Immobilien- und Baumanagement, Zentrale,  Zentralstelle Vergabe- und Vertragsmanagement",,,,,,,,buyer,,,,,,
25825454,1,"Landesbetrieb Bau und Immobilien Hessen, Niederlassung Mitte Zentrale Vergabe",,,,,,,,buyer,,,,,,
25822832,1,Helmholtz Zentrum München Deutsches Forschungszentrum für Gesundheit und Umwelt (GmbH),,,,,,,,buyer,,,,,,
25822676,1,"Landesamt für Straßenbau und Verkehr, Niederlassung Meißen",,,,,,,,buyer,,,,,,
25822640,1,Landeshauptstadt Dresden,,,,,,,,buyer,,,,,,
25823226,1,Dresdner Verkehrsbetriebe AG,,,,,,,,buyer,,,,,,
25822548,1,WAZV Mittlere Wesenitz,,,,,,,,buyer,,,,,,
25822528,1,DEGES Deutsche Einheit Fernstraßenplanungs- und -bau GmbH,,,,,,,,buyer,,,,,,
25823140,1,Wasserstraßen- und Schifffahrtsamt Elbe-Nordsee,,,,,,,,buyer,,,,,,
25827148,1,Evangelisches Siedlungswerk in Bayern GmbH,,,,,,,,buyer,,,,,,
25822474,1,"Gemeinde Altenkunstadt, Marktplatz 2, 96264 Altenkunstadt, Tel.: +49 9572387211, E-Mail: frank.soellner@altenkunstadt.de, Internet: www.altenkunstadt.de",,,,,,,,buyer,,,,,,
25822536,1,Basketball Löwen e.V.,,,,,,,,buyer,,,,,,
25825670,1,Linksniederrheinische Entwässerungs-Genossenschaft,,,,,,,,buyer,,,,,,
25826854,1,"Max-Planck-Gesellschaft , GV-Bauabteilung",,,,,,,,buyer,,,,,,
25825516,1,Vermögens- und Hochbauverwaltung Baden-Württemberg,,,,,,,,buyer,,,,,,
25825536,1,Universität des Saarlandes,,,,,,,,buyer,,,,,,
25825544,1,Vermögens- und Hochbauverwaltung Baden-Württemberg,,,,,,,,buyer,,,,,,
25825552,1,Stadt Reichelsheim,,,,,,,,buyer,,,,,,
25825484,1,Stadt Offenburg Bauservice,,,,,,,,buyer,,,,,,
25823136,1,Wasserstraßen- und Schifffahrtsamt Elbe,,,,,,,,buyer,,,,,,
25823492,1,Deutsche Gesellschaft für Internationale Zusammenarbeit (GIZ) GmbH,,,,,,,,buyer,,,,,,
25825640,1,Wohn + Stadtbau Wohnungsunternehmen der Stadt Münster GmbH,,,,,,,,buyer,,,,,,
25825798,1,Stadt Hagen,,,,,,,,buyer,,,,,,
25825832,1,LBM Bad Kreuznach,,,,,,,,buyer,,,,,,
25825748,1,Landesbetrieb Straßenbau NRW- Regionalniederlassung Ruhr,,,,,,,,buyer,,,,,,
25826000,1,Stadt Freising,,,,,,,,buyer,,,,,,
25826028,1,degewo AG,,,,,,,,buyer,,,,,,
25826032,1,degewo AG,,,,,,,,buyer,,,,,,
25826036,1,degewo AG,,,,,,,,buyer,,,,,,
25826044,1,degewo AG,,,,,,,,buyer,,,,,,
25826086,1,"Universitaetsmedizin Goettingen, Stiftung Oeffentlichen Rechts",,,,,,,,buyer,,,,,,
25826012,1,degewo AG,,,,,,,,buyer,,,,,,
25826016,1,Land Berlin (SODA),,,,,,,,buyer,,,,,,
25826058,1,Strassenbauamt Schwerin,,,,,,,,buyer,,,,,,
25825836,1,LBM Trier,,,,,,,,buyer,,,,,,
200ff04c-a468-4b9e-bd0f-b1b7643c3f77,1,Lutherstadt Wittenberg,,Lutherstadt Wittenberg,06886,,DEU,http://www.wittenberg.de,,buyer,,,,,,
b0f6fa43-92ac-4e7c-a8c9-55e3487121b0,2,Salzstadt Staßfurt,,Staßfurt,39418,,DEU,http://www.stassfurt.de,,buyer,,,,,,
cb0b417c-4949-40cb-babb-8d35ac5ecb26,1,Stadtverwaltung Nordhausen - Rechtsamt und Beteiligungen / Vergabestelle,,Nordhausen,99734,,DEU,,,buyer,,,,,,
86a622d6-b5c8-42ae-8e4e-834ac610f252,2,Bundesamt für Bauwesen und Raumordnung in Vertretung der BImA,,Bonn,53179,,DEU,http://www.bbr.bund.de,,buyer,,,,,,
a9a248f5-fa5a-471c-8cb2-30ea888267a3,2,Stadt Freyburg (Unstrut) über Verbandsgemeinde Unstruttal,,Freyburg (Unstrut),06632,,DEU,,,buyer,,,,,,
533019ec-0a4e-4ace-b65a-80ad779a29ec,01,Magistrat der Stadt Bremerhaven vertreten durch den Wirtschaftsbetrieb Seestadt Immobilien,,Bremerhaven,27576,DE502,DEU,https://www.seestadt-immobilien.de,,buyer,www.seestadt-immobilien.de,,,,,
533019ec-0a4e-4ace-b65a-80ad779a29ec,01,"Magistrat der Stadt Bremerhaven, c/o Rechts- und Versicherungsamt",123 456 789,Bremerhaven,27576,DE502,DEU,,,reviewer,,,,,,
b8c743e3-0629-4d28-9e6f-5a669b05f017,01,Magistrat der Stadt Bremerhaven vertreten durch den Wirtschaftsbetrieb Seestadt Immobilien,,Bremerhaven,27576,DE502,DEU,https://www.seestadt-immobilien.de,,buyer,www.seestadt-immobilien.de,,,,,
b8c743e3-0629-4d28-9e6f-5a669b05f017,01,"Magistrat der Stadt Bremerhaven, c/o Rechts- und Versicherungsamt",123 456 789,Bremerhaven,27576,DE502,DEU,,,reviewer,,,,,,
57f6110d-aabb-4481-b481-a36e978c631c,1,Stadt Zeitz - Der Oberbürgermeister - Fachbereich Ordnungswesen - Vergabestelle,,Zeitz,06712,,DEU,http://www.zeitz.de,,buyer,,,,,,
c62abfd1-f12f-483b-ad30-083a126132f6,1,"Amt für Immobilien- und Baumanagement Magdeburg, Zentraleinheit ZE112 - Vergabe",,Magdeburg,39106,,DEU,,,buyer,,,,,,
25827258,1,Straßenbauamt Stralsund,,,,,,,,buyer,,,,,,
25827454,1,"LMBV mbH, Knappenstraße 1, 01968 Senftenberg",,,,,,,,buyer,,,,,,
25827482,1,"Fraunhofer-Gesellschaft zur Förderung der angewandten Forschung e.V. - B12 - Vergabestelle Bau - Hansastr. 27c, 80686 München",,,,,,,,buyer,,,,,,
