noticeIdentifier,noticeVersion,lotIdentifier,documentType,documentUrl,status,sourceUrl,finalUrl,contentType,localPath,sha256,sizeBytes,error
c5ef3499-a4b9-47ec-bc70-26f11a16f0c3,01,LOT-0000,non-restricted-document,https://www.meinauftrag.rib.de/public/DetailsByPlatformIdAndTenderId/platformId/2/tenderId/209781,not_attempted_download_disabled,https://www.meinauftrag.rib.de/public/DetailsByPlatformIdAndTenderId/platformId/2/tenderId/209781,,,,,0,
7b083735-d2fe-4149-b920-ca6a524868e3,1,LOT-0000,non-restricted-document,https://www.evergabe-online.de/tenderdetails.html?id=890394,not_attempted_download_disabled,https://www.evergabe-online.de/tenderdetails.html?id=890394,,,,,0,
62017582-b322-43ba-b234-99c6d10e7cde,1,LOT-0000,non-restricted-document,https://www.evergabe-online.de/tenderdetails.html?id=890308,not_attempted_download_disabled,https://www.evergabe-online.de/tenderdetails.html?id=890308,,,,,0,
8168d760-e364-4120-9df0-b30c308f22c7,1,LOT-0000,non-restricted-document,https://www.evergabe-online.de/tenderdetails.html?id=890314,not_attempted_download_disabled,https://www.evergabe-online.de/tenderdetails.html?id=890314,,,,,0,
ca6a9d29-4645-4b9f-9cbf-ec837f1587f9,01,LOT-0000,non-restricted-document,https://vergabe.hessen.de/NetServer/TenderingProcedureDetails?function=_Details&TenderOID=54321-Tender-1a01a48046c-4786c276912678ee,not_attempted_download_disabled,https://vergabe.hessen.de/NetServer/TenderingProcedureDetails?function=_Details&TenderOID=54321-Tender-1a01a48046c-4786c276912678ee,,,,,0,
041a3b4a-d1d4-4009-9dcc-6ff36b793ef3,01,LOT-0001,non-restricted-document,https://www.subreport.de/E79145776,not_attempted_download_disabled,https://www.subreport.de/E79145776,,,,,0,
6bf5b4f6-4a92-47f9-bc92-0d3e550a2fe2,01,LOT-0000,non-restricted-document,https://vergabe.bremen.de/NetServer/TenderingProcedureDetails?function=_Details&TenderOID=54321-Tender-1a08b750479-1991c936bf5766ad,not_attempted_download_disabled,https://vergabe.bremen.de/NetServer/TenderingProcedureDetails?function=_Details&TenderOID=54321-Tender-1a08b750479-1991c936bf5766ad,,,,,0,
307bbb8e-7821-42e3-bebc-c5ce607d6d58,01,LOT-0001,non-restricted-document,https://www.subreport.de/E31832426,not_attempted_download_disabled,https://www.subreport.de/E31832426,,,,,0,
5bf0da81-04b4-4540-a2a1-fa832e81b42d,01,LOT-0000,non-restricted-document,https://vergabe.bremen.de/NetServer/TenderingProcedureDetails?function=_Details&TenderOID=54321-Tender-1a08b4264b6-4403db0827312a81,not_attempted_download_disabled,https://vergabe.bremen.de/NetServer/TenderingProcedureDetails?function=_Details&TenderOID=54321-Tender-1a08b4264b6-4403db0827312a81,,,,,0,
fcd29cc5-5683-4216-98b9-bce47074c29b,01,LOT-0000,non-restricted-document,https://vergabe.fraunhofer.de/NetServer/TenderingProcedureDetails?function=_Details&TenderOID=54321-Tender-1a09ff0201a-5ae0a30c85f4514e,not_attempted_download_disabled,https://vergabe.fraunhofer.de/NetServer/TenderingProcedureDetails?function=_Details&TenderOID=54321-Tender-1a09ff0201a-5ae0a30c85f4514e,,,,,0,
80a70f68-a454-456f-b5ea-c7d81027ef8b,01,LOT-0000,non-restricted-document,https://www.meinauftrag.rib.de/public/DetailsByPlatformIdAndTenderId/platformId/1/tenderId/301419,not_attempted_download_disabled,https://www.meinauftrag.rib.de/public/DetailsByPlatformIdAndTenderId/platformId/1/tenderId/301419,,,,,0,
deebdf92-64cc-4802-981c-de0c3eef80e2,01,LOT-0000,non-restricted-document,https://www.meinauftrag.rib.de/public/DetailsByPlatformIdAndTenderId/platformId/2/tenderId/209998,not_attempted_download_disabled,https://www.meinauftrag.rib.de/public/DetailsByPlatformIdAndTenderId/platformId/2/tenderId/209998,,,,,0,
93613bd8-3bcd-4118-bbce-f56adce48bb4,01,LOT-0000,non-restricted-document,https://www.had.de/NetServer/TenderingProcedureDetails?function=_Details&TenderOID=54321-Tender-1a08fac6fdb-8755243a2baca4d,not_attempted_download_disabled,https://www.had.de/NetServer/TenderingProcedureDetails?function=_Details&TenderOID=54321-Tender-1a08fac6fdb-8755243a2baca4d,,,,,0,
7a2bc9a7-8015-4b5e-b0de-841f3a78496b,01,LOT-0001,non-restricted-document,https://www.subreport.de/E41738449,not_attempted_download_disabled,https://www.subreport.de/E41738449,,,,,0,
0154f570-03d0-4766-90ab-501c3e9c9727,01,LOT-0001,non-restricted-document,https://www.dtvp.de/Satellite/notice/CXP4Y9DMPQS/documents,not_attempted_download_disabled,https://www.dtvp.de/Satellite/notice/CXP4Y9DMPQS/documents,,,,,0,
9a1b2062-053c-47dc-bc6c-b4cd4604c5f2,01,LOT-0001,non-restricted-document,https://www.deutsche-evergabe.de/dashboards/dashboard_off/9a1b2062-053c-47dc-bc6c-b4cd4604c5f2,not_attempted_download_disabled,https://www.deutsche-evergabe.de/dashboards/dashboard_off/9a1b2062-053c-47dc-bc6c-b4cd4604c5f2,,,,,0,
2f51da30-ace1-438c-87f3-d453fea657eb,01,LOT-0001,non-restricted-document,https://www.subreport.de/E51333294,not_attempted_download_disabled,https://www.subreport.de/E51333294,,,,,0,
ddcd7ad8-87a6-4630-8e5c-2b280cfcc3dc,01,LOT-0000,non-restricted-document,https://vergabe.hessen.de/NetServer/TenderingProcedureDetails?function=_Details&TenderOID=54321-Tender-19ff9c4ef56-27f39c1ab70be209,not_attempted_download_disabled,https://vergabe.hessen.de/NetServer/TenderingProcedureDetails?function=_Details&TenderOID=54321-Tender-19ff9c4ef56-27f39c1ab70be209,,,,,0,
c214e855-82c8-4204-94b5-4a8bc3c188b8,01,LOT-0001,non-restricted-document,https://plattform.aumass.de/Veroeffentlichung/av286b63-eu,not_attempted_download_disabled,https://plattform.aumass.de/Veroeffentlichung/av286b63-eu,,,,,0,
68799396-9c0b-41bc-84f6-3c646b99051e,01,LOT-0001,non-restricted-document,https://www.subreport.de/E67174425,not_attempted_download_disabled,https://www.subreport.de/E67174425,,,,,0,
172ae66a-09d6-41d6-aa39-f7a293f9a600,01,LOT-0000,non-restricted-document,https://www.meinauftrag.rib.de/public/DetailsByPlatformIdAndTenderId/platformId/2/tenderId/210338,not_attempted_download_disabled,https://www.meinauftrag.rib.de/public/DetailsByPlatformIdAndTenderId/platformId/2/tenderId/210338,,,,,0,
f183c2f1-a1f6-4252-8ac6-5866d30c6ca4,01,LOT-0001,non-restricted-document,https://www.dtvp.de/Satellite/notice/CXP4Y6JMPXT/documents,not_attempted_download_disabled,https://www.dtvp.de/Satellite/notice/CXP4Y6JMPXT/documents,,,,,0,
921b9e0b-9696-467e-a913-ccc15ad1abe6,01,LOT-0001,non-restricted-document,https://vergabemarktplatz.brandenburg.de/VMPSatellite/notice/CXVRYYDDYRCGCN3N/documents,not_attempted_download_disabled,https://vergabemarktplatz.brandenburg.de/VMPSatellite/notice/CXVRYYDDYRCGCN3N/documents,,,,,0,
e4037a44-d382-4130-95c5-b24bacec472a,01,LOT-0000,non-restricted-document,https://saarvpsl.vmstart.de/NetServer/TenderingProcedureDetails?function=_Details&TenderOID=54321-Tender-19ff62fe67f-5c9942034dc5e46e,not_attempted_download_disabled,https://saarvpsl.vmstart.de/NetServer/TenderingProcedureDetails?function=_Details&TenderOID=54321-Tender-19ff62fe67f-5c9942034dc5e46e,,,,,0,
531ef96a-411b-4e8d-9e60-ba326a97f149,01,LOT-0000,non-restricted-document,https://www.sachsen-vergabe.de/NetServer/PublicationControllerServlet?function=Detail&TWOID=54321-Tender-19fc640c1ea-3306e7da0e9d5fca&PublicationType=0,not_attempted_download_disabled,https://www.sachsen-vergabe.de/NetServer/PublicationControllerServlet?function=Detail&TWOID=54321-Tender-19fc640c1ea-3306e7da0e9d5fca&PublicationType=0,,,,,0,
a3beabad-c6af-4c42-804c-bbcc86f3b382,01,LOT-0001,non-restricted-document,https://www.evergabe-online.de/tenderdocuments.html?id=890491,not_attempted_download_disabled,https://www.evergabe-online.de/tenderdocuments.html?id=890491,,,,,0,
b24c4956-df4a-4280-851f-1a21bc105482,01,LOT-0001,non-restricted-document,https://www.dtvp.de/Satellite/notice/CXP4YF3MPJ7/documents,not_attempted_download_disabled,https://www.dtvp.de/Satellite/notice/CXP4YF3MPJ7/documents,,,,,0,
50e20b67-265d-4b6d-a1cc-a2c8cab29bd0,01,LOT-0001,non-restricted-document,https://www.dtvp.de/Satellite/notice/CXP4YHVMPD7/documents,not_attempted_download_disabled,https://www.dtvp.de/Satellite/notice/CXP4YHVMPD7/documents,,,,,0,
1077025c-9104-45b0-8184-c7b1e3d129a7,01,LOT-0000,non-restricted-document,https://www.staatsanzeiger-eservices.de/aJs/EFormsBekVuUrl?z_param=329921,not_attempted_download_disabled,https://www.staatsanzeiger-eservices.de/aJs/EFormsBekVuUrl?z_param=329921,,,,,0,
03ddf5d7-0650-411f-a1ac-d0fca9374811,01,LOT-0001,non-restricted-document,https://www.dtvp.de/Satellite/notice/CXP4Y2RM7B6/documents,not_attempted_download_disabled,https://www.dtvp.de/Satellite/notice/CXP4Y2RM7B6/documents,,,,,0,
bd7642d8-4463-4602-8602-19e6282d684c,01,LOT-0001,non-restricted-document,https://www.dtvp.de/Satellite/notice/CXP4Y9MMPNJ/documents,not_attempted_download_disabled,https://www.dtvp.de/Satellite/notice/CXP4Y9MMPNJ/documents,,,,,0,
6e40078a-968e-4451-a6f9-0066cfea02be,01,LOT-0001,non-restricted-document,https://www.deutsche-evergabe.de/dashboards/dashboard_off/6e40078a-968e-4451-a6f9-0066cfea02be,not_attempted_download_disabled,https://www.deutsche-evergabe.de/dashboards/dashboard_off/6e40078a-968e-4451-a6f9-0066cfea02be,,,,,0,
d0413b88-e4ff-4670-80a4-bd8c90178d61,01,LOT-0001,non-restricted-document,https://vergabe.niedersachsen.de/Satellite/notice/CXQ6YD9RSD4/documents,not_attempted_download_disabled,https://vergabe.niedersachsen.de/Satellite/notice/CXQ6YD9RSD4/documents,,,,,0,
a1922220-370b-4b20-9468-db1dcc39e4e2,01,LOT-0001,non-restricted-document,https://plattform.aumass.de/Veroeffentlichung/av286b64-eu,not_attempted_download_disabled,https://plattform.aumass.de/Veroeffentlichung/av286b64-eu,,,,,0,
d8a37cbb-1fd9-4cdc-be92-43d9784ee74e,01,LOT-0001,non-restricted-document,https://www.dtvp.de/Satellite/notice/CXP4YMZMP83/documents,not_attempted_download_disabled,https://www.dtvp.de/Satellite/notice/CXP4YMZMP83/documents,,,,,0,
d9f6395a-527b-49cd-a0ec-bf43a062cdf0,01,LOT-0001,non-restricted-document,https://www.staatsanzeiger-eservices.de/aJs/EFormsBekVuUrl?z_param=329290,not_attempted_download_disabled,https://www.staatsanzeiger-eservices.de/aJs/EFormsBekVuUrl?z_param=329290,,,,,0,
41d7ac31-f585-4156-af42-5415f9f2b774,01,LOT-0000,non-restricted-document,https://www.meinauftrag.rib.de/public/DetailsByPlatformIdAndTenderId/platformId/1/tenderId/303146,not_attempted_download_disabled,https://www.meinauftrag.rib.de/public/DetailsByPlatformIdAndTenderId/platformId/1/tenderId/303146,,,,,0,
6b20f242-021d-4a08-8e14-0fc9b29a4e17,01,LOT-0000,non-restricted-document,https://www.tender24.de/NetServer/TenderingProcedureDetails?function=_Details&TenderOID=54321-Tender-1a09fabe846-3cae72fd1d4f2dbe,not_attempted_download_disabled,https://www.tender24.de/NetServer/TenderingProcedureDetails?function=_Details&TenderOID=54321-Tender-1a09fabe846-3cae72fd1d4f2dbe,,,,,0,
afeff892-c330-4fb8-973c-6b65d1d3c1c1,01,LOT-0001,non-restricted-document,https://www.dtvp.de/Satellite/notice/CXS0YR4DYY8V5RM6/documents,not_attempted_download_disabled,https://www.dtvp.de/Satellite/notice/CXS0YR4DYY8V5RM6/documents,,,,,0,
a040d776-b7d8-40d6-81c9-b50e1aa6daeb,01,LOT-0001,non-restricted-document,https://bi-medien.de/ausschreibungsdienste/ausschreibungen/D462814098,not_attempted_download_disabled,https://bi-medien.de/ausschreibungsdienste/ausschreibungen/D462814098,,,,,0,
f1c9a3f9-c8d4-42b4-9e98-1838d72567e0,01,LOT-0001,non-restricted-document,https://www.dtvp.de/Satellite/notice/CXVTYYDDYRDC8LKZ/documents,not_attempted_download_disabled,https://www.dtvp.de/Satellite/notice/CXVTYYDDYRDC8LKZ/documents,,,,,0,
a98df0ee-02df-4926-a699-f0264bc70ae4,01,LOT-0000,non-restricted-document,https://vergabe.bremen.de/NetServer/TenderingProcedureDetails?function=_Details&TenderOID=54321-Tender-19ff0b78d08-7bd361ddde1bcea1,not_attempted_download_disabled,https://vergabe.bremen.de/NetServer/TenderingProcedureDetails?function=_Details&TenderOID=54321-Tender-19ff0b78d08-7bd361ddde1bcea1,,,,,0,
2c665769-7e2e-4628-991e-28dcf9c3821a,01,LOT-0000,non-restricted-document,https://www.meinauftrag.rib.de/public/DetailsByPlatformIdAndTenderId/platformId/1/tenderId/302734,not_attempted_download_disabled,https://www.meinauftrag.rib.de/public/DetailsByPlatformIdAndTenderId/platformId/1/tenderId/302734,,,,,0,
d67d21b0-4b54-4ba6-96e2-3b6b23819299,01,LOT-0001,non-restricted-document,https://www.vergabe-westfalen.de/VMPSatellite/notice/CXPWYRELNQS/documents,not_attempted_download_disabled,https://www.vergabe-westfalen.de/VMPSatellite/notice/CXPWYRELNQS/documents,,,,,0,
1b85bfe4-fb5b-49bb-84de-474fa2eb9ef5,01,LOT-0001,non-restricted-document,https://www.dtvp.de/Satellite/notice/CXP4YMEMPN0/documents,not_attempted_download_disabled,https://www.dtvp.de/Satellite/notice/CXP4YMEMPN0/documents,,,,,0,
adbbb2a3-a548-485c-b584-b649f0cff1b3,01,LOT-0000,non-restricted-document,https://vergabe.bremen.de/NetServer/TenderingProcedureDetails?function=_Details&TenderOID=54321-Tender-1a0616d82d2-3ba8e43df93a1960,not_attempted_download_disabled,https://vergabe.bremen.de/NetServer/TenderingProcedureDetails?function=_Details&TenderOID=54321-Tender-1a0616d82d2-3ba8e43df93a1960,,,,,0,
358aa36b-0b4d-406d-b3f0-3823146a9ea6,01,LOT-0001,non-restricted-document,https://plattform.aumass.de/Veroeffentlichung/av284b57-eu,not_attempted_download_disabled,https://plattform.aumass.de/Veroeffentlichung/av284b57-eu,,,,,0,
005970e4-fa83-4d72-b88d-6b8acfe47c4a,01,LOT-0000,non-restricted-document,https://vergabe.bremen.de/NetServer/TenderingProcedureDetails?function=_Details&TenderOID=54321-Tender-1a06104565f-50b2fdecf1ed4a59,not_attempted_download_disabled,https://vergabe.bremen.de/NetServer/TenderingProcedureDetails?function=_Details&TenderOID=54321-Tender-1a06104565f-50b2fdecf1ed4a59,,,,,0,
125814cb-3fd3-45fb-8ee4-1940fc409986,01,LOT-0001,non-restricted-document,https://www.dtvp.de/Satellite/notice/CXP4YA2MPS2/documents,not_attempted_download_disabled,https://www.dtvp.de/Satellite/notice/CXP4YA2MPS2/documents,,,,,0,
5136b73e-1a8c-4623-ba6e-68446d10b433,01,LOT-0000,non-restricted-document,https://www.deutsches-ausschreibungsblatt.de/VN/X-VGWIL-2026-0071,not_attempted_download_disabled,https://www.deutsches-ausschreibungsblatt.de/VN/X-VGWIL-2026-0071,,,,,0,
615b5280-a5cf-40f2-b7b9-3da4726c7de4,01,LOT-0000,non-restricted-document,https://www.deutsches-ausschreibungsblatt.de/VN/X-VGWIL-2026-0072,not_attempted_download_disabled,https://www.deutsches-ausschreibungsblatt.de/VN/X-VGWIL-2026-0072,,,,,0,
01a0a39a-b1ce-41e2-a40e-d2a19840eef3,01,LOT-0001,non-restricted-document,https://www.evergabe.de/unterlagen/01a0a398-4eb3-49b9-97d0-539cef6a757c/zustellweg-auswaehlen,not_attempted_download_disabled,https://www.evergabe.de/unterlagen/01a0a398-4eb3-49b9-97d0-539cef6a757c/zustellweg-auswaehlen,,,,,0,
37ef6440-39ad-4711-b6d8-50cd3e259338,01,LOT-0001,non-restricted-document,https://vergabemarktplatz.brandenburg.de/VMPSatellite/notice/CXP9YB2HXJC/documents,not_attempted_download_disabled,https://vergabemarktplatz.brandenburg.de/VMPSatellite/notice/CXP9YB2HXJC/documents,,,,,0,
b66086b4-5a0c-43e5-beff-d9e5bd9b4747,01,LOT-0001,non-restricted-document,https://www.deutsche-evergabe.de/dashboards/dashboard_off/b66086b4-5a0c-43e5-beff-d9e5bd9b4747,not_attempted_download_disabled,https://www.deutsche-evergabe.de/dashboards/dashboard_off/b66086b4-5a0c-43e5-beff-d9e5bd9b4747,,,,,0,
bdb7cd0f-27a9-49e6-be6e-c80723885512,01,LOT-0000,non-restricted-document,https://vergabeplattform.stadt-koeln.de/NetServer/TenderingProcedureDetails?function=_Details&TenderOID=54321-Tender-19f1383e88b-5abcf26144043661&,not_attempted_download_disabled,https://vergabeplattform.stadt-koeln.de/NetServer/TenderingProcedureDetails?function=_Details&TenderOID=54321-Tender-19f1383e88b-5abcf26144043661&,,,,,0,
7d14c033-c833-4b40-8efc-e2ed271a3c3d,01,LOT-0000,non-restricted-document,https://www.deutsches-ausschreibungsblatt.de/VN/X-VGWIL-2026-0070,not_attempted_download_disabled,https://www.deutsches-ausschreibungsblatt.de/VN/X-VGWIL-2026-0070,,,,,0,
9d83ea1f-2e6a-4af3-9974-0b8a7823c726,01,LOT-0000,non-restricted-document,https://www.deutsches-ausschreibungsblatt.de/VN/X-VGWIL-2026-0069,not_attempted_download_disabled,https://www.deutsches-ausschreibungsblatt.de/VN/X-VGWIL-2026-0069,,,,,0,
741f8574-9ba3-434b-bf87-42f565cdff51,01,LOT-0000,non-restricted-document,https://www.meinauftrag.rib.de/public/DetailsByPlatformIdAndTenderId/platformId/7/tenderId/121016633,not_attempted_download_disabled,https://www.meinauftrag.rib.de/public/DetailsByPlatformIdAndTenderId/platformId/7/tenderId/121016633,,,,,0,
85c9a7bb-cf66-405a-93c9-50857968cd15,01,LOT-0000,non-restricted-document,https://www.vergabe24.de/vergabeunterlagen/54321-Tender-1a0a3e01455-17bd227848a21d60,not_attempted_download_disabled,https://www.vergabe24.de/vergabeunterlagen/54321-Tender-1a0a3e01455-17bd227848a21d60,,,,,0,
77b9119d-d72d-4bca-adc2-6341ef20117a,01,LOT-0000,non-restricted-document,https://vergabe.landbw.de/NetServer/PublicationControllerServlet?function=Detail&TWOID=54321-Tender-19fcd062b8d-270a0c2e4b9c0e6f,not_attempted_download_disabled,https://vergabe.landbw.de/NetServer/PublicationControllerServlet?function=Detail&TWOID=54321-Tender-19fcd062b8d-270a0c2e4b9c0e6f,,,,,0,
abadc72a-717a-45fc-9044-e7eb3dad334a,01,LOT-0001,non-restricted-document,https://www.dtvp.de/Satellite/notice/CXP4Y43MP08/documents,not_attempted_download_disabled,https://www.dtvp.de/Satellite/notice/CXP4Y43MP08/documents,,,,,0,
3b62235d-ca80-4e03-9c3e-297de871fe80,01,LOT-0001,non-restricted-document,https://vergabemarktplatz.brandenburg.de/VMPSatellite/notice/CXP9YCRHXHC/documents,not_attempted_download_disabled,https://vergabemarktplatz.brandenburg.de/VMPSatellite/notice/CXP9YCRHXHC/documents,,,,,0,
3084e989-acb5-4689-8ebb-6bf0ad8e0903,01,LOT-0001,non-restricted-document,https://plattform.aumass.de/Veroeffentlichung/av284a81-eu,not_attempted_download_disabled,https://plattform.aumass.de/Veroeffentlichung/av284a81-eu,,,,,0,
07e2fa36-a8c8-4b6b-94d1-b5ec715848fc,01,LOT-0000,non-restricted-document,https://www.meinauftrag.rib.de/public/DetailsByPlatformIdAndTenderId/platformId/3/tenderId/152133,not_attempted_download_disabled,https://www.meinauftrag.rib.de/public/DetailsByPlatformIdAndTenderId/platformId/3/tenderId/152133,,,,,0,
10b4365a-23af-4cbd-874f-5faa960c37e5,01,LOT-0001,non-restricted-document,https://www.dtvp.de/Satellite/notice/CXP4YMEMPNF/documents,not_attempted_download_disabled,https://www.dtvp.de/Satellite/notice/CXP4YMEMPNF/documents,,,,,0,
2d885c65-7f8d-466b-ae79-a214d09abef4,01,LOT-0000,non-restricted-document,https://www.vergabe24.de/vergabeunterlagen/54321-Tender-19cc2c491be-7b53c9361f9d722f,not_attempted_download_disabled,https://www.vergabe24.de/vergabeunterlagen/54321-Tender-19cc2c491be-7b53c9361f9d722f,,,,,0,
78a13158-21b8-4927-8497-55f095cffba6,01,LOT-0001,non-restricted-document,https://www.subreport.de/E46285987,not_attempted_download_disabled,https://www.subreport.de/E46285987,,,,,0,
37cdd9a6-65fb-4c7d-b7f5-ad7c7befc670,01,LOT-0001,non-restricted-document,https://plattform.aumass.de/Veroeffentlichung/av286ae2-eu,not_attempted_download_disabled,https://plattform.aumass.de/Veroeffentlichung/av286ae2-eu,,,,,0,
46d59055-2d6b-4dd0-8259-86b3ae67397c,01,LOT-0000,non-restricted-document,https://www.meinauftrag.rib.de/public/DetailsByPlatformIdAndTenderId/platformId/2/tenderId/210336,not_attempted_download_disabled,https://www.meinauftrag.rib.de/public/DetailsByPlatformIdAndTenderId/platformId/2/tenderId/210336,,,,,0,
3eb98c24-107b-4db4-9bc7-13790e23b295,01,LOT-0001,non-restricted-document,https://www.dtvp.de/Satellite/notice/CXP4YMZMPG9/documents,not_attempted_download_disabled,https://www.dtvp.de/Satellite/notice/CXP4YMZMPG9/documents,,,,,0,
4d70dd3a-19b8-45bb-8fe1-cc4dbf9f9bc0,01,LOT-0001,non-restricted-document,https://plattform.aumass.de/Veroeffentlichung/av286b62-eu,not_attempted_download_disabled,https://plattform.aumass.de/Veroeffentlichung/av286b62-eu,,,,,0,
2127b926-d426-4e4b-903f-6ca78cf49240,01,LOT-0000,non-restricted-document,https://vergabe.landbw.de/NetServer/PublicationControllerServlet?function=Detail&TWOID=54321-Tender-19fcd90104e-2fe5dfcad143b70c,not_attempted_download_disabled,https://vergabe.landbw.de/NetServer/PublicationControllerServlet?function=Detail&TWOID=54321-Tender-19fcd90104e-2fe5dfcad143b70c,,,,,0,
b5167006-df6c-4516-b249-954d8e8f3df2,01,LOT-0000,non-restricted-document,https://www.vergabe24.de/vergabeunterlagen/54321-Tender-1a0a4a3bf04-27b46f55001d5467,not_attempted_download_disabled,https://www.vergabe24.de/vergabeunterlagen/54321-Tender-1a0a4a3bf04-27b46f55001d5467,,,,,0,
74213ead-8e86-41f8-b1d4-eff6c6ab222a,01,LOT-0001,non-restricted-document,https://www.dtvp.de/Satellite/notice/CXP4YQLMP5E/documents,not_attempted_download_disabled,https://www.dtvp.de/Satellite/notice/CXP4YQLMP5E/documents,,,,,0,
58ff65ad-ad0d-43da-9705-373a3e18d3db,01,LOT-0000,non-restricted-document,https://xvergabe.de/NetServer/TenderingProcedureDetails?function=_Details&TenderOID=54321-Tender-1a0a444ee81-2b109fa8918c883b&,not_attempted_download_disabled,https://xvergabe.de/NetServer/TenderingProcedureDetails?function=_Details&TenderOID=54321-Tender-1a0a444ee81-2b109fa8918c883b&,,,,,0,
c76203cb-e304-450e-ab70-f351183aeb21,01,LOT-0000,non-restricted-document,https://www.had.de/NetServer/TenderingProcedureDetails?function=_Details&TenderOID=54321-Tender-1a09fc38aab-5a47fbee874d2ce,not_attempted_download_disabled,https://www.had.de/NetServer/TenderingProcedureDetails?function=_Details&TenderOID=54321-Tender-1a09fc38aab-5a47fbee874d2ce,,,,,0,
81db0040-7ed0-434a-947e-7113d2568512,01,LOT-0001,non-restricted-document,https://www.evergabe-online.de/tenderdocuments.html?id=874459,not_attempted_download_disabled,https://www.evergabe-online.de/tenderdocuments.html?id=874459,,,,,0,
470072e8-59d4-460e-83d7-7ef747d9690f,01,LOT-0001,non-restricted-document,https://www.dtvp.de/Satellite/notice/CXVHYHZDYD9U9TJF/documents,not_attempted_download_disabled,https://www.dtvp.de/Satellite/notice/CXVHYHZDYD9U9TJF/documents,,,,,0,
c3a9b49a-2f04-4f8c-8eb2-c8341bbafabe,01,LOT-0000,non-restricted-document,https://www.meinauftrag.rib.de/public/DetailsByPlatformIdAndTenderId/platformId/1/tenderId/300643,not_attempted_download_disabled,https://www.meinauftrag.rib.de/public/DetailsByPlatformIdAndTenderId/platformId/1/tenderId/300643,,,,,0,
ad444921-a025-4950-b270-afc0dd34dd39,01,LOT-0000,non-restricted-document,https://www.vergabe24.de/vergabeunterlagen/54321-Tender-1a0191e3bba-52fc2333f69a39ca,not_attempted_download_disabled,https://www.vergabe24.de/vergabeunterlagen/54321-Tender-1a0191e3bba-52fc2333f69a39ca,,,,,0,
b86b2a2d-f22f-4843-9c9e-47873e5a5838,01,LOT-0000,non-restricted-document,https://vergabe.bremen.de/NetServer/TenderingProcedureDetails?function=_Details&TenderOID=54321-Tender-19c66a3e072-215a8cc75790468f,not_attempted_download_disabled,https://vergabe.bremen.de/NetServer/TenderingProcedureDetails?function=_Details&TenderOID=54321-Tender-19c66a3e072-215a8cc75790468f,,,,,0,
5d148dca-836a-4cbe-8ad5-ef933ebbaa3b,01,LOT-0001,restricted-document,https://www.ariba.com,not_attempted_download_disabled,https://www.ariba.com,,,,,0,
5d148dca-836a-4cbe-8ad5-ef933ebbaa3b,01,LOT-0002,restricted-document,https://www.ariba.com,not_attempted_download_disabled,https://www.ariba.com,,,,,0,
5d148dca-836a-4cbe-8ad5-ef933ebbaa3b,01,LOT-0003,restricted-document,https://www.ariba.com,not_attempted_download_disabled,https://www.ariba.com,,,,,0,
5d148dca-836a-4cbe-8ad5-ef933ebbaa3b,01,LOT-0004,restricted-document,https://www.ariba.com,not_attempted_download_disabled,https://www.ariba.com,,,,,0,
5d148dca-836a-4cbe-8ad5-ef933ebbaa3b,01,LOT-0005,restricted-document,https://www.ariba.com,not_attempted_download_disabled,https://www.ariba.com,,,,,0,
5d148dca-836a-4cbe-8ad5-ef933ebbaa3b,01,LOT-0006,restricted-document,https://www.ariba.com,not_attempted_download_disabled,https://www.ariba.com,,,,,0,
8ec97d74-8d96-4e6a-a0e8-c75d7647570b,01,LOT-0001,non-restricted-document,https://bieterportal.noncd.db.de/evergabe.bieter/api/supplier/external/deeplink/subproject/a199e8f1-dbc7-4295-be0f-6a512367bc68,not_attempted_download_disabled,https://bieterportal.noncd.db.de/evergabe.bieter/api/supplier/external/deeplink/subproject/a199e8f1-dbc7-4295-be0f-6a512367bc68,,,,,0,
8ec97d74-8d96-4e6a-a0e8-c75d7647570b,01,LOT-0002,non-restricted-document,https://bieterportal.noncd.db.de/evergabe.bieter/api/supplier/external/deeplink/subproject/a199e8f1-dbc7-4295-be0f-6a512367bc68,not_attempted_download_disabled,https://bieterportal.noncd.db.de/evergabe.bieter/api/supplier/external/deeplink/subproject/a199e8f1-dbc7-4295-be0f-6a512367bc68,,,,,0,
8ec97d74-8d96-4e6a-a0e8-c75d7647570b,01,LOT-0003,non-restricted-document,https://bieterportal.noncd.db.de/evergabe.bieter/api/supplier/external/deeplink/subproject/a199e8f1-dbc7-4295-be0f-6a512367bc68,not_attempted_download_disabled,https://bieterportal.noncd.db.de/evergabe.bieter/api/supplier/external/deeplink/subproject/a199e8f1-dbc7-4295-be0f-6a512367bc68,,,,,0,
8ec97d74-8d96-4e6a-a0e8-c75d7647570b,01,LOT-0004,non-restricted-document,https://bieterportal.noncd.db.de/evergabe.bieter/api/supplier/external/deeplink/subproject/a199e8f1-dbc7-4295-be0f-6a512367bc68,not_attempted_download_disabled,https://bieterportal.noncd.db.de/evergabe.bieter/api/supplier/external/deeplink/subproject/a199e8f1-dbc7-4295-be0f-6a512367bc68,,,,,0,
90f332ed-04ca-467f-9af8-5e6e8e9ac165,01,LOT-0000,non-restricted-document,https://www.had.de/NetServer/TenderingProcedureDetails?function=_Details&TenderOID=54321-Tender-1a0a437b98d-61cbc5de235f3c4d,not_attempted_download_disabled,https://www.had.de/NetServer/TenderingProcedureDetails?function=_Details&TenderOID=54321-Tender-1a0a437b98d-61cbc5de235f3c4d,,,,,0,
e9684303-556d-4be9-b2f7-525e90f7aa61,01,LOT-0001,non-restricted-document,https://www.dtvp.de/Satellite/notice/CXP4YCJMPGK/documents,not_attempted_download_disabled,https://www.dtvp.de/Satellite/notice/CXP4YCJMPGK/documents,,,,,0,
b6497276-a5eb-4c66-ac56-f86604960788,01,LOT-0001,non-restricted-document,https://www.vergabe.metropoleruhr.de/VMPSatellite/notice/CXPSYYSDQT9/documents,not_attempted_download_disabled,https://www.vergabe.metropoleruhr.de/VMPSatellite/notice/CXPSYYSDQT9/documents,,,,,0,
01a0a444-1c07-471e-b755-941f4becd2ee,01,LOT-0001,non-restricted-document,https://www.evergabe.de/unterlagen/019ff4a0-b177-4cf0-a0fe-3e22056c76fd/zustellweg-auswaehlen,not_attempted_download_disabled,https://www.evergabe.de/unterlagen/019ff4a0-b177-4cf0-a0fe-3e22056c76fd/zustellweg-auswaehlen,,,,,0,
1594f91b-44f6-456a-a325-ad98833404bc,01,LOT-0000,non-restricted-document,https://www.had.de/NetServer/TenderingProcedureDetails?function=_Details&TenderOID=54321-Tender-1a0a42b7430-6e14df28dbc1b9e4,not_attempted_download_disabled,https://www.had.de/NetServer/TenderingProcedureDetails?function=_Details&TenderOID=54321-Tender-1a0a42b7430-6e14df28dbc1b9e4,,,,,0,
dc92350b-924f-472a-8ea4-53cee8ca4be7,01,LOT-0001,non-restricted-document,https://www.deutsche-evergabe.de/dashboards/dashboard_off/a0e6c56b-ceda-49e2-8241-26f8c51bdb97,not_attempted_download_disabled,https://www.deutsche-evergabe.de/dashboards/dashboard_off/a0e6c56b-ceda-49e2-8241-26f8c51bdb97,,,,,0,
8850e2ed-8211-4877-8ce3-ab6cabf3515f,01,LOT-0001,non-restricted-document,https://www.vmp-rheinland.de/VMPSatellite/notice/CXVHYYRYT1NRR9K2/documents,not_attempted_download_disabled,https://www.vmp-rheinland.de/VMPSatellite/notice/CXVHYYRYT1NRR9K2/documents,,,,,0,
625720a2-3dcb-4a88-b391-48aa63d0a10f,01,LOT-0001,non-restricted-document,https://www.vergabe.metropoleruhr.de/VMPSatellite/notice/CXPSYYSDQTK/documents,not_attempted_download_disabled,https://www.vergabe.metropoleruhr.de/VMPSatellite/notice/CXPSYYSDQTK/documents,,,,,0,
2f3259ec-494a-445b-8973-8e88ea4d982b,01,LOT-0000,non-restricted-document,https://www.vergabe24.de/vergabeunterlagen/54321-Tender-1a0a4241390-32486556868ce0a4,not_attempted_download_disabled,https://www.vergabe24.de/vergabeunterlagen/54321-Tender-1a0a4241390-32486556868ce0a4,,,,,0,
8d4a29da-6d95-436d-a0f7-26429bbf0f10,01,LOT-0001,non-restricted-document,https://bieterportal.noncd.db.de/evergabe.bieter/api/supplier/external/deeplink/subproject/1d40e016-a60d-4d29-bbb5-6d9cedba07ad,not_attempted_download_disabled,https://bieterportal.noncd.db.de/evergabe.bieter/api/supplier/external/deeplink/subproject/1d40e016-a60d-4d29-bbb5-6d9cedba07ad,,,,,0,
8d4a29da-6d95-436d-a0f7-26429bbf0f10,01,LOT-0002,non-restricted-document,https://bieterportal.noncd.db.de/evergabe.bieter/api/supplier/external/deeplink/subproject/1d40e016-a60d-4d29-bbb5-6d9cedba07ad,not_attempted_download_disabled,https://bieterportal.noncd.db.de/evergabe.bieter/api/supplier/external/deeplink/subproject/1d40e016-a60d-4d29-bbb5-6d9cedba07ad,,,,,0,
8d4a29da-6d95-436d-a0f7-26429bbf0f10,01,LOT-0003,non-restricted-document,https://bieterportal.noncd.db.de/evergabe.bieter/api/supplier/external/deeplink/subproject/1d40e016-a60d-4d29-bbb5-6d9cedba07ad,not_attempted_download_disabled,https://bieterportal.noncd.db.de/evergabe.bieter/api/supplier/external/deeplink/subproject/1d40e016-a60d-4d29-bbb5-6d9cedba07ad,,,,,0,
915313db-1a99-4a68-802f-f0707033240b,01,LOT-0000,non-restricted-document,https://ausschreibung.halle.de/NetServer/TenderingProcedureDetails?function=_Details&TenderOID=54321-Tender-1a09f3b3721-3c4c6ef00bda6e7a,not_attempted_download_disabled,https://ausschreibung.halle.de/NetServer/TenderingProcedureDetails?function=_Details&TenderOID=54321-Tender-1a09f3b3721-3c4c6ef00bda6e7a,,,,,0,
ed6675ff-7b24-4be8-8fe8-77d6714633f2,01,LOT-0001,non-restricted-document,https://www.dtvp.de/Satellite/notice/CXP4YA2M3FN/documents,not_attempted_download_disabled,https://www.dtvp.de/Satellite/notice/CXP4YA2M3FN/documents,,,,,0,
09b85bf3-4637-4ffe-b72a-f4a851f18c50,01,LOT-0000,non-restricted-document,https://www.vergabe24.de/vergabeunterlagen/54321-Tender-1a0a43f75d2-5d651fb2a19cfef0,not_attempted_download_disabled,https://www.vergabe24.de/vergabeunterlagen/54321-Tender-1a0a43f75d2-5d651fb2a19cfef0,,,,,0,
f9dc1e05-3689-41bc-b82b-4ebe5fc1ffb5,01,LOT-0001,non-restricted-document,https://www.staatsanzeiger-eservices.de/aJs/EFormsBekVuUrl?z_param=330073,not_attempted_download_disabled,https://www.staatsanzeiger-eservices.de/aJs/EFormsBekVuUrl?z_param=330073,,,,,0,
5cff7c10-1e0e-4abe-8f0b-b6345a1362a0,01,LOT-0000,non-restricted-document,https://www.meinauftrag.rib.de/public/DetailsByPlatformIdAndTenderId/platformId/1/tenderId/303231,not_attempted_download_disabled,https://www.meinauftrag.rib.de/public/DetailsByPlatformIdAndTenderId/platformId/1/tenderId/303231,,,,,0,
50d1e5cc-c1ae-45b5-a685-505c1595d0c8,01,LOT-0000,non-restricted-document,https://www.vergabe24.de/vergabeunterlagen/54321-Tender-1a0a4960f7d-71082e850831fb80,not_attempted_download_disabled,https://www.vergabe24.de/vergabeunterlagen/54321-Tender-1a0a4960f7d-71082e850831fb80,,,,,0,
a9cb14a8-596e-478a-a3e9-d94670549370,01,LOT-0000,non-restricted-document,https://www.vergabe24.de/vergabeunterlagen/54321-Tender-1a0a4856418-519ade92182ead39,not_attempted_download_disabled,https://www.vergabe24.de/vergabeunterlagen/54321-Tender-1a0a4856418-519ade92182ead39,,,,,0,
44c726f4-e15d-43d3-84a5-0ceb2ecbff2a,01,LOT-0000,non-restricted-document,https://www.vergabe24.de/vergabeunterlagen/54321-Tender-1a0a470f32b-4bd5ca3d886c8f1e,not_attempted_download_disabled,https://www.vergabe24.de/vergabeunterlagen/54321-Tender-1a0a470f32b-4bd5ca3d886c8f1e,,,,,0,
24f04cdc-1d87-4457-9ca5-1dfd450fe67b,01,LOT-0001,non-restricted-document,https://bieterzugang.deutsche-evergabe.de/evergabe.bieter/api/supplier/external/deeplink/subproject/36e02aae-2257-4f8b-9445-b950c0e2c844,not_attempted_download_disabled,https://bieterzugang.deutsche-evergabe.de/evergabe.bieter/api/supplier/external/deeplink/subproject/36e02aae-2257-4f8b-9445-b950c0e2c844,,,,,0,
4a448abd-7f1f-4052-987f-f9aea3df2fb9,01,LOT-0001,non-restricted-document,https://www.vergabe.metropoleruhr.de/VMPSatellite/notice/CXPSYYSDQ7E/documents,not_attempted_download_disabled,https://www.vergabe.metropoleruhr.de/VMPSatellite/notice/CXPSYYSDQ7E/documents,,,,,0,
d62756f0-2007-4111-b118-e5f44c943b18,01,LOT-0001,non-restricted-document,https://plattform.aumass.de/Veroeffentlichung/av283292-eu,not_attempted_download_disabled,https://plattform.aumass.de/Veroeffentlichung/av283292-eu,,,,,0,
bb722a54-0ab3-4fed-ab47-3f00b6ada783,01,LOT-0001,non-restricted-document,https://www.deutsche-evergabe.de/dashboards/dashboard_off/bb722a54-0ab3-4fed-ab47-3f00b6ada783,not_attempted_download_disabled,https://www.deutsche-evergabe.de/dashboards/dashboard_off/bb722a54-0ab3-4fed-ab47-3f00b6ada783,,,,,0,
5f734b5e-89a1-4d03-87e5-eb2f15ad7a35,01,LOT-0001,non-restricted-document,https://www.deutsche-evergabe.de/dashboards/dashboard_off/5f734b5e-89a1-4d03-87e5-eb2f15ad7a35,not_attempted_download_disabled,https://www.deutsche-evergabe.de/dashboards/dashboard_off/5f734b5e-89a1-4d03-87e5-eb2f15ad7a35,,,,,0,
719c0678-a8c7-4e34-9073-1ea5837a8f61,01,LOT-0000,non-restricted-document,https://www.vergabe24.de/vergabeunterlagen/54321-Tender-1a0a431c7b5-1af5818bbcf8b2e4,not_attempted_download_disabled,https://www.vergabe24.de/vergabeunterlagen/54321-Tender-1a0a431c7b5-1af5818bbcf8b2e4,,,,,0,
cb4cb836-775d-4166-864b-3717c808efc8,01,LOT-0001,non-restricted-document,https://www.deutsche-evergabe.de/dashboards/dashboard_off/e4d28c47-d51a-4d97-be72-1327ac2ba35d,not_attempted_download_disabled,https://www.deutsche-evergabe.de/dashboards/dashboard_off/e4d28c47-d51a-4d97-be72-1327ac2ba35d,,,,,0,
f44ac8af-3eef-4a35-9414-dfa76e528ad8,01,LOT-0000,non-restricted-document,https://vergabe.autobahn.de/NetServer/TenderingProcedureDetails?function=_Details&TenderOID=54321-Tender-1a08b0a7d3f-2f9294bab9d30571,not_attempted_download_disabled,https://vergabe.autobahn.de/NetServer/TenderingProcedureDetails?function=_Details&TenderOID=54321-Tender-1a08b0a7d3f-2f9294bab9d30571,,,,,0,
fab52f0b-58ae-47ed-bbbc-1d3829b47040,01,LOT-0000,non-restricted-document,https://www.vergabe24.de/vergabeunterlagen/54321-Tender-19f6aeb8e71-124c79e7d04206d0,not_attempted_download_disabled,https://www.vergabe24.de/vergabeunterlagen/54321-Tender-19f6aeb8e71-124c79e7d04206d0,,,,,0,
b34d0781-ea79-41ab-9907-370f83e79047,01,LOT-0001,non-restricted-document,https://fbhh-evergabe.web.hamburg.de/evergabe.bieter/api/supplier/external/deeplink/subproject/e353b4e5-ee37-405e-ae99-c4a69514611a,not_attempted_download_disabled,https://fbhh-evergabe.web.hamburg.de/evergabe.bieter/api/supplier/external/deeplink/subproject/e353b4e5-ee37-405e-ae99-c4a69514611a,,,,,0,
ff2ff8ed-94f5-47d4-9a40-d6363f5f5c5e,01,LOT-0000,non-restricted-document,https://www.sachsen-vergabe.de/NetServer/PublicationControllerServlet?function=Detail&TWOID=54321-Tender-1a09e5b52ff-2d1ce69c775a8c91&PublicationType=0,not_attempted_download_disabled,https://www.sachsen-vergabe.de/NetServer/PublicationControllerServlet?function=Detail&TWOID=54321-Tender-1a09e5b52ff-2d1ce69c775a8c91&PublicationType=0,,,,,0,
3ee3ffd5-8ec5-4510-b21e-a9c074591fec,01,LOT-0000,non-restricted-document,https://www.vergabe24.de/vergabeunterlagen/54321-Tender-1a0a45c8c1e-21f696285c9d09e8,not_attempted_download_disabled,https://www.vergabe24.de/vergabeunterlagen/54321-Tender-1a0a45c8c1e-21f696285c9d09e8,,,,,0,
a5670d06-f5c1-44a2-b02e-d00fe844880e,01,LOT-0000,non-restricted-document,https://www.meinauftrag.rib.de/public/DetailsByPlatformIdAndTenderId/platformId/1/tenderId/300226,not_attempted_download_disabled,https://www.meinauftrag.rib.de/public/DetailsByPlatformIdAndTenderId/platformId/1/tenderId/300226,,,,,0,
e4d3e324-99ba-4975-82a6-24cd59e5aec6,01,LOT-0000,non-restricted-document,https://www.evergabe.de/unterlagen/54321-Tender-1a09f09409d-239a746fc00e63a4,not_attempted_download_disabled,https://www.evergabe.de/unterlagen/54321-Tender-1a09f09409d-239a746fc00e63a4,,,,,0,
7576de88-72a4-4142-9bc0-0348aef4d44f,01,LOT-0001,non-restricted-document,https://bieterzugang.deutsche-evergabe.de/evergabe.bieter/api/supplier/external/deeplink/subproject/cb6e5ba2-35d4-47fc-aace-9637774a3b3f,not_attempted_download_disabled,https://bieterzugang.deutsche-evergabe.de/evergabe.bieter/api/supplier/external/deeplink/subproject/cb6e5ba2-35d4-47fc-aace-9637774a3b3f,,,,,0,
c454fa91-86f5-4f3c-9109-a3bc53e13198,01,LOT-0000,non-restricted-document,https://www.sachsen-vergabe.de/NetServer/PublicationControllerServlet?function=Detail&TWOID=54321-Tender-19feaf51ee5-68737aa0a96c12a2&PublicationType=0,not_attempted_download_disabled,https://www.sachsen-vergabe.de/NetServer/PublicationControllerServlet?function=Detail&TWOID=54321-Tender-19feaf51ee5-68737aa0a96c12a2&PublicationType=0,,,,,0,
3fdeb952-ef6e-40e5-a887-a7e2b7cf662f,01,LOT-0001,non-restricted-document,https://vergabe.niedersachsen.de/Satellite/notice/CXVHYHUDYR5417QT/documents,not_attempted_download_disabled,https://vergabe.niedersachsen.de/Satellite/notice/CXVHYHUDYR5417QT/documents,,,,,0,
2a55e205-4e71-40a0-ac8c-75e8bb465205,01,LOT-0001,non-restricted-document,https://www.dtvp.de/Satellite/notice/CXP4Y4LM86N/documents,not_attempted_download_disabled,https://www.dtvp.de/Satellite/notice/CXP4Y4LM86N/documents,,,,,0,
97342522-2e60-41ee-b63e-7fd68f818a0c,01,LOT-0001,non-restricted-document,https://www.evergabe.nrw.de/VMPSatellite/notice/CXS0YYJDYYFYQD6S/documents,not_attempted_download_disabled,https://www.evergabe.nrw.de/VMPSatellite/notice/CXS0YYJDYYFYQD6S/documents,,,,,0,
75a604da-489d-4c11-8fa6-c21c913fafa8,01,LOT-0001,non-restricted-document,https://www.dtvp.de/Satellite/notice/CXP4YW6MQWH/documents,not_attempted_download_disabled,https://www.dtvp.de/Satellite/notice/CXP4YW6MQWH/documents,,,,,0,
48badf3d-488b-4187-a932-53f825f535a7,01,LOT-0000,non-restricted-document,https://www.meinauftrag.rib.de/public/DetailsByPlatformIdAndTenderId/platformId/1/tenderId/300377,not_attempted_download_disabled,https://www.meinauftrag.rib.de/public/DetailsByPlatformIdAndTenderId/platformId/1/tenderId/300377,,,,,0,
655042ea-1acb-49b4-af80-c050e20f7f66,01,LOT-0001,non-restricted-document,https://www.deutsche-evergabe.de/dashboards/dashboard_off/7fea2908-d437-46f2-88ee-13abe2e053a8,not_attempted_download_disabled,https://www.deutsche-evergabe.de/dashboards/dashboard_off/7fea2908-d437-46f2-88ee-13abe2e053a8,,,,,0,
c0fea23b-3299-4f7d-81f9-bd0dbeff808f,01,LOT-0000,non-restricted-document,https://www.evergabe.de/unterlagen/54321-Tender-19f5f9578cc-6e4d885702430e4c,not_attempted_download_disabled,https://www.evergabe.de/unterlagen/54321-Tender-19f5f9578cc-6e4d885702430e4c,,,,,0,
ef80485e-9b72-4f69-8fac-b1ca556c920b,01,LOT-0001,non-restricted-document,https://evergabe.bundesverkehrsverwaltung.de/VMPSatellite/notice/CXWSYYLDYY88JXNC/documents,not_attempted_download_disabled,https://evergabe.bundesverkehrsverwaltung.de/VMPSatellite/notice/CXWSYYLDYY88JXNC/documents,,,,,0,
2fef9971-9508-4941-98cb-7c449a31e82e,01,LOT-0000,non-restricted-document,https://www.had.de/NetServer/TenderingProcedureDetails?function=_Details&TenderOID=54321-Tender-1a0a4ffb8f6-14bd139b452ace8e,not_attempted_download_disabled,https://www.had.de/NetServer/TenderingProcedureDetails?function=_Details&TenderOID=54321-Tender-1a0a4ffb8f6-14bd139b452ace8e,,,,,0,
846aa4fb-948a-48cf-9b6f-0b9d5add1ffa,05,LOT-0000,restricted-document,https://www.evergabe-online.de/tenderdetails.html?id=887417,not_attempted_download_disabled,https://www.evergabe-online.de/tenderdetails.html?id=887417,,,,,0,
ed9237f6-d2c2-4613-be5a-13617329b435,02,LOT-0001,non-restricted-document,https://www.deutsche-evergabe.de/dashboards/dashboard_off/30752eda-cfe8-4445-9cd4-9cec8db11ff0,not_attempted_download_disabled,https://www.deutsche-evergabe.de/dashboards/dashboard_off/30752eda-cfe8-4445-9cd4-9cec8db11ff0,,,,,0,
9c08a1ab-83d4-49e8-a1d2-0cba0d37ceaa,01,LOT-0001,non-restricted-document,https://www.deutsche-evergabe.de/dashboards/dashboard_off/90cc2489-90ce-4ab1-b0d2-cb2ba981a8a0,not_attempted_download_disabled,https://www.deutsche-evergabe.de/dashboards/dashboard_off/90cc2489-90ce-4ab1-b0d2-cb2ba981a8a0,,,,,0,
f7488eee-a1ed-4f47-b78a-a9219f06abe3,1,LOT-0000,non-restricted-document,https://www.evergabe-online.de/tenderdetails.html?id=890905,not_attempted_download_disabled,https://www.evergabe-online.de/tenderdetails.html?id=890905,,,,,0,
25826982,1,LOT-0000,non-restricted-document,https://bieterportal.noncd.db.de/evergabe.bieter/api/supplier/external/deeplink/subproject/fb3dbf59-7289-4d00-ad0b-4406c1b53c8e,not_attempted_download_disabled,https://bieterportal.noncd.db.de/evergabe.bieter/api/supplier/external/deeplink/subproject/fb3dbf59-7289-4d00-ad0b-4406c1b53c8e,,,,,0,
25818322,2,LOT-0000,non-restricted-document,https://www.subreport-elvis.de/download/bund/E42856383/1789452372327/bekanntmachung.pdf,not_attempted_download_disabled,https://www.subreport-elvis.de/download/bund/E42856383/1789452372327/bekanntmachung.pdf,,,,,0,
25822876,1,LOT-0000,non-restricted-document,https://www.subreport-elvis.de/download/bund/E46952259/1789461746542/bekanntmachung.pdf,not_attempted_download_disabled,https://www.subreport-elvis.de/download/bund/E46952259/1789461746542/bekanntmachung.pdf,,,,,0,
25822880,1,LOT-0000,non-restricted-document,https://www.subreport-elvis.de/download/bund/E18932587/1789463171061/bekanntmachung.pdf,not_attempted_download_disabled,https://www.subreport-elvis.de/download/bund/E18932587/1789463171061/bekanntmachung.pdf,,,,,0,
25822884,1,LOT-0000,non-restricted-document,https://www.subreport-elvis.de/download/bund/E72873543/1789463622062/bekanntmachung.pdf,not_attempted_download_disabled,https://www.subreport-elvis.de/download/bund/E72873543/1789463622062/bekanntmachung.pdf,,,,,0,
25822892,1,LOT-0000,non-restricted-document,https://www.subreport-elvis.de/download/bund/E62153144/1789464244688/bekanntmachung.pdf,not_attempted_download_disabled,https://www.subreport-elvis.de/download/bund/E62153144/1789464244688/bekanntmachung.pdf,,,,,0,
25822900,1,LOT-0000,non-restricted-document,https://www.subreport-elvis.de/download/bund/E85685344/1789466926849/bekanntmachung.pdf,not_attempted_download_disabled,https://www.subreport-elvis.de/download/bund/E85685344/1789466926849/bekanntmachung.pdf,,,,,0,
25822904,1,LOT-0000,non-restricted-document,https://www.subreport-elvis.de/download/bund/E29854216/1789470012229/bekanntmachung.pdf,not_attempted_download_disabled,https://www.subreport-elvis.de/download/bund/E29854216/1789470012229/bekanntmachung.pdf,,,,,0,
25822908,1,LOT-0000,non-restricted-document,https://www.subreport-elvis.de/download/bund/E43222418/1789470348936/bekanntmachung.pdf,not_attempted_download_disabled,https://www.subreport-elvis.de/download/bund/E43222418/1789470348936/bekanntmachung.pdf,,,,,0,
25822912,1,LOT-0000,non-restricted-document,https://www.subreport-elvis.de/download/bund/E83891298/1789471163594/bekanntmachung.pdf,not_attempted_download_disabled,https://www.subreport-elvis.de/download/bund/E83891298/1789471163594/bekanntmachung.pdf,,,,,0,
25822916,1,LOT-0000,non-restricted-document,https://www.subreport-elvis.de/download/bund/E65436149/1789471705731/bekanntmachung.pdf,not_attempted_download_disabled,https://www.subreport-elvis.de/download/bund/E65436149/1789471705731/bekanntmachung.pdf,,,,,0,
25822920,1,LOT-0000,non-restricted-document,https://www.subreport-elvis.de/download/bund/E25214925/1789473161037/bekanntmachung.pdf,not_attempted_download_disabled,https://www.subreport-elvis.de/download/bund/E25214925/1789473161037/bekanntmachung.pdf,,,,,0,
25822924,1,LOT-0000,non-restricted-document,https://www.subreport-elvis.de/download/bund/E61242274/1789474615550/bekanntmachung.pdf,not_attempted_download_disabled,https://www.subreport-elvis.de/download/bund/E61242274/1789474615550/bekanntmachung.pdf,,,,,0,
25822928,1,LOT-0000,non-restricted-document,https://www.subreport-elvis.de/download/bund/E63464775/1789475075942/bekanntmachung.pdf,not_attempted_download_disabled,https://www.subreport-elvis.de/download/bund/E63464775/1789475075942/bekanntmachung.pdf,,,,,0,
25822932,1,LOT-0000,non-restricted-document,https://www.subreport-elvis.de/download/bund/E12447457/1789475098346/bekanntmachung.pdf,not_attempted_download_disabled,https://www.subreport-elvis.de/download/bund/E12447457/1789475098346/bekanntmachung.pdf,,,,,0,
25822952,1,LOT-0000,non-restricted-document,https://www.subreport-elvis.de/download/bund/E95532697/1789482464069/bekanntmachung.pdf,not_attempted_download_disabled,https://www.subreport-elvis.de/download/bund/E95532697/1789482464069/bekanntmachung.pdf,,,,,0,
25822956,1,LOT-0000,non-restricted-document,https://www.subreport-elvis.de/download/bund/E42968131/1789486594174/bekanntmachung.pdf,not_attempted_download_disabled,https://www.subreport-elvis.de/download/bund/E42968131/1789486594174/bekanntmachung.pdf,,,,,0,
25822964,1,LOT-0000,non-restricted-document,https://www.subreport-elvis.de/download/bund/E39587231/1789488153465/bekanntmachung.pdf,not_attempted_download_disabled,https://www.subreport-elvis.de/download/bund/E39587231/1789488153465/bekanntmachung.pdf,,,,,0,
25822852,1,LOT-0000,non-restricted-document,https://www.subreport-elvis.de/download/bund/E83127719/1789459833972/bekanntmachung.pdf,not_attempted_download_disabled,https://www.subreport-elvis.de/download/bund/E83127719/1789459833972/bekanntmachung.pdf,,,,,0,
25822856,1,LOT-0000,non-restricted-document,https://www.subreport-elvis.de/download/bund/E45614319/1789458945902/bekanntmachung.pdf,not_attempted_download_disabled,https://www.subreport-elvis.de/download/bund/E45614319/1789458945902/bekanntmachung.pdf,,,,,0,
25825368,1,LOT-0000,non-restricted-document,https://www.subreport-elvis.de/download/bund/E46952259/1789461746542/bekanntmachung.pdf,not_attempted_download_disabled,https://www.subreport-elvis.de/download/bund/E46952259/1789461746542/bekanntmachung.pdf,,,,,0,
25825372,1,LOT-0000,non-restricted-document,https://www.subreport-elvis.de/download/bund/E18932587/1789463171061/bekanntmachung.pdf,not_attempted_download_disabled,https://www.subreport-elvis.de/download/bund/E18932587/1789463171061/bekanntmachung.pdf,,,,,0,
25825376,1,LOT-0000,non-restricted-document,https://www.subreport-elvis.de/download/bund/E72873543/1789463622062/bekanntmachung.pdf,not_attempted_download_disabled,https://www.subreport-elvis.de/download/bund/E72873543/1789463622062/bekanntmachung.pdf,,,,,0,
25825384,1,LOT-0000,non-restricted-document,https://www.subreport-elvis.de/download/bund/E62153144/1789464244688/bekanntmachung.pdf,not_attempted_download_disabled,https://www.subreport-elvis.de/download/bund/E62153144/1789464244688/bekanntmachung.pdf,,,,,0,
25825392,1,LOT-0000,non-restricted-document,https://www.subreport-elvis.de/download/bund/E85685344/1789466926849/bekanntmachung.pdf,not_attempted_download_disabled,https://www.subreport-elvis.de/download/bund/E85685344/1789466926849/bekanntmachung.pdf,,,,,0,
25825396,1,LOT-0000,non-restricted-document,https://www.subreport-elvis.de/download/bund/E29854216/1789470012229/bekanntmachung.pdf,not_attempted_download_disabled,https://www.subreport-elvis.de/download/bund/E29854216/1789470012229/bekanntmachung.pdf,,,,,0,
25825400,1,LOT-0000,non-restricted-document,https://www.subreport-elvis.de/download/bund/E83891298/1789471163594/bekanntmachung.pdf,not_attempted_download_disabled,https://www.subreport-elvis.de/download/bund/E83891298/1789471163594/bekanntmachung.pdf,,,,,0,
25825404,1,LOT-0000,non-restricted-document,https://www.subreport-elvis.de/download/bund/E65436149/1789471705731/bekanntmachung.pdf,not_attempted_download_disabled,https://www.subreport-elvis.de/download/bund/E65436149/1789471705731/bekanntmachung.pdf,,,,,0,
25825408,1,LOT-0000,non-restricted-document,https://www.subreport-elvis.de/download/bund/E25214925/1789473161037/bekanntmachung.pdf,not_attempted_download_disabled,https://www.subreport-elvis.de/download/bund/E25214925/1789473161037/bekanntmachung.pdf,,,,,0,
25825412,1,LOT-0000,non-restricted-document,https://www.subreport-elvis.de/download/bund/E61242274/1789474615550/bekanntmachung.pdf,not_attempted_download_disabled,https://www.subreport-elvis.de/download/bund/E61242274/1789474615550/bekanntmachung.pdf,,,,,0,
25825416,1,LOT-0000,non-restricted-document,https://www.subreport-elvis.de/download/bund/E63464775/1789475075942/bekanntmachung.pdf,not_attempted_download_disabled,https://www.subreport-elvis.de/download/bund/E63464775/1789475075942/bekanntmachung.pdf,,,,,0,
25825420,1,LOT-0000,non-restricted-document,https://www.subreport-elvis.de/download/bund/E12447457/1789475098346/bekanntmachung.pdf,not_attempted_download_disabled,https://www.subreport-elvis.de/download/bund/E12447457/1789475098346/bekanntmachung.pdf,,,,,0,
25825432,1,LOT-0000,non-restricted-document,https://www.subreport-elvis.de/download/bund/E42968131/1789486594174/bekanntmachung.pdf,not_attempted_download_disabled,https://www.subreport-elvis.de/download/bund/E42968131/1789486594174/bekanntmachung.pdf,,,,,0,
25825440,1,LOT-0000,non-restricted-document,https://www.subreport-elvis.de/download/bund/E39587231/1789488153465/bekanntmachung.pdf,not_attempted_download_disabled,https://www.subreport-elvis.de/download/bund/E39587231/1789488153465/bekanntmachung.pdf,,,,,0,
25821438,2,LOT-0000,non-restricted-document,https://www.subreport-elvis.de/download/bund/E42856383/1789452372327/bekanntmachung.pdf,not_attempted_download_disabled,https://www.subreport-elvis.de/download/bund/E42856383/1789452372327/bekanntmachung.pdf,,,,,0,
25825348,1,LOT-0000,non-restricted-document,https://www.subreport-elvis.de/download/bund/E83127719/1789459833972/bekanntmachung.pdf,not_attempted_download_disabled,https://www.subreport-elvis.de/download/bund/E83127719/1789459833972/bekanntmachung.pdf,,,,,0,
25825352,1,LOT-0000,non-restricted-document,https://www.subreport-elvis.de/download/bund/E45614319/1789458945902/bekanntmachung.pdf,not_attempted_download_disabled,https://www.subreport-elvis.de/download/bund/E45614319/1789458945902/bekanntmachung.pdf,,,,,0,
25817140,2,LOT-0000,non-restricted-document,https://www.subreport-elvis.de/download/bund/E37566915/1789474976751/bekanntmachung.pdf,not_attempted_download_disabled,https://www.subreport-elvis.de/download/bund/E37566915/1789474976751/bekanntmachung.pdf,,,,,0,
25635804,1,LOT-0000,non-restricted-document,https://www.subreport-elvis.de/download/bund/E43222418/1789470348936/bekanntmachung.pdf,not_attempted_download_disabled,https://www.subreport-elvis.de/download/bund/E43222418/1789470348936/bekanntmachung.pdf,,,,,0,
25750966,2,LOT-0000,non-restricted-document,https://www.subreport-elvis.de/download/bund/E95532697/1789482464069/bekanntmachung.pdf,not_attempted_download_disabled,https://www.subreport-elvis.de/download/bund/E95532697/1789482464069/bekanntmachung.pdf,,,,,0,
25744564,2,LOT-0000,non-restricted-document,https://www.dtvp.de/Satellite/notice/CXS0YEADYD6X5VQG,not_attempted_download_disabled,https://www.dtvp.de/Satellite/notice/CXS0YEADYD6X5VQG,,,,,0,
25723776,3,LOT-0000,non-restricted-document,https://bieterportal.noncd.db.de/evergabe.bieter/api/supplier/external/deeplink/subproject/02c0413a-5aea-4123-8f06-8c2188b015fc,not_attempted_download_disabled,https://bieterportal.noncd.db.de/evergabe.bieter/api/supplier/external/deeplink/subproject/02c0413a-5aea-4123-8f06-8c2188b015fc,,,,,0,
25823454,1,LOT-0000,non-restricted-document,https://vergabemarktplatz.brandenburg.de/VMPSatellite/notice/CXVHYD0DYR0HV37U,not_attempted_download_disabled,https://vergabemarktplatz.brandenburg.de/VMPSatellite/notice/CXVHYD0DYR0HV37U,,,,,0,
25719552,1,LOT-0000,non-restricted-document,https://bieterportal.noncd.db.de/evergabe.bieter/api/supplier/external/deeplink/subproject/59347a6c-f493-489f-9c34-dfd985ac7a20,not_attempted_download_disabled,https://bieterportal.noncd.db.de/evergabe.bieter/api/supplier/external/deeplink/subproject/59347a6c-f493-489f-9c34-dfd985ac7a20,,,,,0,
25823356,1,LOT-0000,non-restricted-document,https://vergabe.tk.de/Satellite/notice/CXR0YYRY6HV,not_attempted_download_disabled,https://vergabe.tk.de/Satellite/notice/CXR0YYRY6HV,,,,,0,
25823352,1,LOT-0000,non-restricted-document,https://vergabe.tk.de/Satellite/notice/CXR0YYRY6H2,not_attempted_download_disabled,https://vergabe.tk.de/Satellite/notice/CXR0YYRY6H2,,,,,0,
25827156,1,LOT-0000,non-restricted-document,https://plattform.aumass.de/Veroeffentlichung/AV286B87-A,not_attempted_download_disabled,https://plattform.aumass.de/Veroeffentlichung/AV286B87-A,,,,,0,
25822756,1,LOT-0000,non-restricted-document,https://www.evergabe.de/auftraege/suche-ueber-vergabestellen/HANSEAT%2520Verein%2520f%25C3%25BCr%2520Wassersport%2520e%252EV%252E/3454509,not_attempted_download_disabled,https://www.evergabe.de/auftraege/suche-ueber-vergabestellen/HANSEAT%2520Verein%2520f%25C3%25BCr%2520Wassersport%2520e%252EV%252E/3454509,,,,,0,
25822708,1,LOT-0000,non-restricted-document,https://www.evergabe.de/auftraege/suche-ueber-vergabestellen/Rettungszweckverband%2520S%25C3%25BCdwestsachsen/3454500,not_attempted_download_disabled,https://www.evergabe.de/auftraege/suche-ueber-vergabestellen/Rettungszweckverband%2520S%25C3%25BCdwestsachsen/3454500,,,,,0,
25823406,1,LOT-0000,non-restricted-document,https://vergabemarktplatz.brandenburg.de/VMPSatellite/notice/CXP9YCRHXJ0,not_attempted_download_disabled,https://vergabemarktplatz.brandenburg.de/VMPSatellite/notice/CXP9YCRHXJ0,,,,,0,
25823012,1,LOT-0000,non-restricted-document,https://vergabe.niedersachsen.de/Satellite/notice/CXQ6YY5RSYN,not_attempted_download_disabled,https://vergabe.niedersachsen.de/Satellite/notice/CXQ6YY5RSYN,,,,,0,
25825852,1,LOT-0000,non-restricted-document,https://lbb.vergabe.rlp.de/VMPSatellite/notice/CXPLYYDYNEN,not_attempted_download_disabled,https://lbb.vergabe.rlp.de/VMPSatellite/notice/CXPLYYDYNEN,,,,,0,
25822632,1,LOT-0000,non-restricted-document,https://www.evergabe.de/auftraege/suche-ueber-vergabestellen/Stadtverwaltung%2520Pirna/3454516,not_attempted_download_disabled,https://www.evergabe.de/auftraege/suche-ueber-vergabestellen/Stadtverwaltung%2520Pirna/3454516,,,,,0,
25822628,1,LOT-0000,non-restricted-document,https://www.evergabe.de/auftraege/suche-ueber-vergabestellen/Stadtverwaltung%2520Pirna/3454510,not_attempted_download_disabled,https://www.evergabe.de/auftraege/suche-ueber-vergabestellen/Stadtverwaltung%2520Pirna/3454510,,,,,0,
25822624,1,LOT-0000,non-restricted-document,https://www.evergabe.de/auftraege/suche-ueber-vergabestellen/Stadtverwaltung%2520Pirna/3454501,not_attempted_download_disabled,https://www.evergabe.de/auftraege/suche-ueber-vergabestellen/Stadtverwaltung%2520Pirna/3454501,,,,,0,
25822620,1,LOT-0000,non-restricted-document,https://www.evergabe.de/auftraege/suche-ueber-vergabestellen/Innung%2520Sanit%25C3%25A4r%252D%2520und%2520Heizungstechnik%2520Jade/3454499,not_attempted_download_disabled,https://www.evergabe.de/auftraege/suche-ueber-vergabestellen/Innung%2520Sanit%25C3%25A4r%252D%2520und%2520Heizungstechnik%2520Jade/3454499,,,,,0,
25825660,1,LOT-0000,non-restricted-document,https://www.vergabe-westfalen.de/VMPSatellite/notice/CXS0YYKDYRCGAD1E,not_attempted_download_disabled,https://www.vergabe-westfalen.de/VMPSatellite/notice/CXS0YYKDYRCGAD1E,,,,,0,
25823334,1,LOT-0000,non-restricted-document,https://www.dtvp.de/Satellite/notice/CXVHYYPDYRL6370J,not_attempted_download_disabled,https://www.dtvp.de/Satellite/notice/CXVHYYPDYRL6370J,,,,,0,
25827188,1,LOT-0000,non-restricted-document,https://www.sachsen-vergabe.de/NetServer/PublicationControllerServlet?function=Detail&TWOID=54321-PublishingProcess-1a0a53e9913-5e932e5004ec7b93&PublicationType=4,not_attempted_download_disabled,https://www.sachsen-vergabe.de/NetServer/PublicationControllerServlet?function=Detail&TWOID=54321-PublishingProcess-1a0a53e9913-5e932e5004ec7b93&PublicationType=4,,,,,0,
25823104,1,LOT-0000,non-restricted-document,https://vergabe.niedersachsen.de/Satellite/notice/CXVHYHVDYR0YK2XN,not_attempted_download_disabled,https://vergabe.niedersachsen.de/Satellite/notice/CXVHYHVDYR0YK2XN,,,,,0,
25823326,1,LOT-0000,non-restricted-document,https://www.dtvp.de/Satellite/notice/CXS0YE5DYR9Q9L6N,not_attempted_download_disabled,https://www.dtvp.de/Satellite/notice/CXS0YE5DYR9Q9L6N,,,,,0,
25827084,1,LOT-0000,non-restricted-document,https://plattform.aumass.de/Veroeffentlichung/AV281970-A,not_attempted_download_disabled,https://plattform.aumass.de/Veroeffentlichung/AV281970-A,,,,,0,
25823348,1,LOT-0000,non-restricted-document,https://vergabe.tk.de/Satellite/notice/CXR0YYRY6H1,not_attempted_download_disabled,https://vergabe.tk.de/Satellite/notice/CXR0YYRY6H1,,,,,0,
25827184,1,LOT-0000,non-restricted-document,https://www.sachsen-vergabe.de/NetServer/PublicationControllerServlet?function=Detail&TWOID=54321-PublishingProcess-1a0a530e8b3-d45d67c777a2892&PublicationType=4,not_attempted_download_disabled,https://www.sachsen-vergabe.de/NetServer/PublicationControllerServlet?function=Detail&TWOID=54321-PublishingProcess-1a0a530e8b3-d45d67c777a2892&PublicationType=4,,,,,0,
25823344,1,LOT-0000,non-restricted-document,https://vergabe.tk.de/Satellite/notice/CXR0YYRY6HW,not_attempted_download_disabled,https://vergabe.tk.de/Satellite/notice/CXR0YYRY6HW,,,,,0,
25823446,1,LOT-0000,non-restricted-document,https://vergabemarktplatz.brandenburg.de/VMPSatellite/notice/CXP9YNFHXX4,not_attempted_download_disabled,https://vergabemarktplatz.brandenburg.de/VMPSatellite/notice/CXP9YNFHXX4,,,,,0,
25827180,1,LOT-0000,non-restricted-document,https://www.sachsen-vergabe.de/NetServer/PublicationControllerServlet?function=Detail&TWOID=54321-PublishingProcess-1a0a51eac89-79db89f3e2f9183b&PublicationType=4,not_attempted_download_disabled,https://www.sachsen-vergabe.de/NetServer/PublicationControllerServlet?function=Detail&TWOID=54321-PublishingProcess-1a0a51eac89-79db89f3e2f9183b&PublicationType=4,,,,,0,
25827176,1,LOT-0000,non-restricted-document,https://www.sachsen-vergabe.de/NetServer/PublicationControllerServlet?function=Detail&TWOID=54321-Tender-1a09e7766c7-22693401c87bcbe7&PublicationType=0,not_attempted_download_disabled,https://www.sachsen-vergabe.de/NetServer/PublicationControllerServlet?function=Detail&TWOID=54321-Tender-1a09e7766c7-22693401c87bcbe7&PublicationType=0,,,,,0,
25825462,1,LOT-0000,non-restricted-document,https://vergabe.hessen.de/NetServer/PublicationControllerServlet?function=Detail&TWOID=54321-Tender-1a0a47227f5-7e3165856ac6bea1&PublicationType=0,not_attempted_download_disabled,https://vergabe.hessen.de/NetServer/PublicationControllerServlet?function=Detail&TWOID=54321-Tender-1a0a47227f5-7e3165856ac6bea1&PublicationType=0,,,,,0,
25826954,1,LOT-0000,non-restricted-document,https://bieterzugang.deutsche-evergabe.de/evergabe.bieter/api/supplier/external/deeplink/subproject/75c7df4a-2bda-4067-85c3-9beacf671530,not_attempted_download_disabled,https://bieterzugang.deutsche-evergabe.de/evergabe.bieter/api/supplier/external/deeplink/subproject/75c7df4a-2bda-4067-85c3-9beacf671530,,,,,0,
25826978,1,LOT-0000,non-restricted-document,https://www.deutsche-evergabe.de/dashboards/dashboard_off/a9ed3bf0-799a-4264-abf4-9a591c8d9040,not_attempted_download_disabled,https://www.deutsche-evergabe.de/dashboards/dashboard_off/a9ed3bf0-799a-4264-abf4-9a591c8d9040,,,,,0,
25822616,1,LOT-0000,non-restricted-document,https://www.evergabe.de/auftraege/suche-ueber-vergabestellen/Innung%2520Sanit%25C3%25A4r%252D%2520und%2520Heizungstechnik%2520Jade/3411874,not_attempted_download_disabled,https://www.evergabe.de/auftraege/suche-ueber-vergabestellen/Innung%2520Sanit%25C3%25A4r%252D%2520und%2520Heizungstechnik%2520Jade/3411874,,,,,0,
25825844,1,LOT-0000,non-restricted-document,https://lbb.vergabe.rlp.de/VMPSatellite/notice/CXPLYYDYNEL,not_attempted_download_disabled,https://lbb.vergabe.rlp.de/VMPSatellite/notice/CXPLYYDYNEL,,,,,0,
25826950,1,LOT-0000,non-restricted-document,https://fbhh-evergabe.web.hamburg.de/evergabe.bieter/api/supplier/external/deeplink/subproject/dc58b203-fca4-4d2f-8dd7-e7fef51c604d,not_attempted_download_disabled,https://fbhh-evergabe.web.hamburg.de/evergabe.bieter/api/supplier/external/deeplink/subproject/dc58b203-fca4-4d2f-8dd7-e7fef51c604d,,,,,0,
25826974,1,LOT-0000,non-restricted-document,https://www.deutsche-evergabe.de/dashboards/dashboard_off/24d5423b-6faa-4569-86a9-98e093a242f2,not_attempted_download_disabled,https://www.deutsche-evergabe.de/dashboards/dashboard_off/24d5423b-6faa-4569-86a9-98e093a242f2,,,,,0,
25822584,1,LOT-0000,non-restricted-document,https://www.evergabe.de/auftraege/suche-ueber-vergabestellen/VG%2520N%25C3%25BCnchritz%252DGlaubitz%252C%2520i%252E%2520A%252E%2520der%2520Gemeinde%2520Glaubitz/3454355,not_attempted_download_disabled,https://www.evergabe.de/auftraege/suche-ueber-vergabestellen/VG%2520N%25C3%25BCnchritz%252DGlaubitz%252C%2520i%252E%2520A%252E%2520der%2520Gemeinde%2520Glaubitz/3454355,,,,,0,
25823072,1,LOT-0000,non-restricted-document,https://vergabe.niedersachsen.de/Satellite/notice/CXW5YYDDYR9T1TUB,not_attempted_download_disabled,https://vergabe.niedersachsen.de/Satellite/notice/CXW5YYDDYR9T1TUB,,,,,0,
25823056,1,LOT-0000,non-restricted-document,https://vergabe.niedersachsen.de/Satellite/notice/CXQ6YY6RSDN,not_attempted_download_disabled,https://vergabe.niedersachsen.de/Satellite/notice/CXQ6YY6RSDN,,,,,0,
25827172,1,LOT-0000,non-restricted-document,https://www.sachsen-vergabe.de/NetServer/PublicationControllerServlet?function=Detail&TWOID=54321-PublishingProcess-1a0a4f601d6-708ac9c5c72df057&PublicationType=4,not_attempted_download_disabled,https://www.sachsen-vergabe.de/NetServer/PublicationControllerServlet?function=Detail&TWOID=54321-PublishingProcess-1a0a4f601d6-708ac9c5c72df057&PublicationType=4,,,,,0,
25823478,1,LOT-0000,non-restricted-document,https://rlp.vergabekommunal.de/Satellite/notice/CXS0YB4DYR911RUG,not_attempted_download_disabled,https://rlp.vergabekommunal.de/Satellite/notice/CXS0YB4DYR911RUG,,,,,0,
25823784,1,LOT-0000,non-restricted-document,https://www.tender24.de/NetServer/PublicationControllerServlet?function=Detail&TWOID=54321-Tender-1a0a4825376-79ff15cabbc6415f&PublicationType=0,not_attempted_download_disabled,https://www.tender24.de/NetServer/PublicationControllerServlet?function=Detail&TWOID=54321-Tender-1a0a4825376-79ff15cabbc6415f&PublicationType=0,,,,,0,
25776550,2,LOT-0000,non-restricted-document,https://bieterportal.noncd.db.de/evergabe.bieter/api/supplier/external/deeplink/subproject/e677adc3-b716-4e86-8f0f-b6bec7d99427,not_attempted_download_disabled,https://bieterportal.noncd.db.de/evergabe.bieter/api/supplier/external/deeplink/subproject/e677adc3-b716-4e86-8f0f-b6bec7d99427,,,,,0,
25823306,1,LOT-0000,non-restricted-document,https://www.dtvp.de/Satellite/notice/CXSUYYDDYDU8YDQ7,not_attempted_download_disabled,https://www.dtvp.de/Satellite/notice/CXSUYYDDYDU8YDQ7,,,,,0,
25823474,1,LOT-0000,non-restricted-document,https://rlp.vergabekommunal.de/Satellite/notice/CXS0YB4DYR924HH9,not_attempted_download_disabled,https://rlp.vergabekommunal.de/Satellite/notice/CXS0YB4DYR924HH9,,,,,0,
25825840,1,LOT-0000,non-restricted-document,https://lbb.vergabe.rlp.de/VMPSatellite/notice/CXPLYYDYNE0,not_attempted_download_disabled,https://lbb.vergabe.rlp.de/VMPSatellite/notice/CXPLYYDYNE0,,,,,0,
25823294,1,LOT-0000,non-restricted-document,https://www.dtvp.de/Satellite/notice/CXP4DF9MP2D,not_attempted_download_disabled,https://www.dtvp.de/Satellite/notice/CXP4DF9MP2D,,,,,0,
25826942,1,LOT-0000,non-restricted-document,https://bieterzugang.deutsche-evergabe.de/evergabe.bieter/api/supplier/external/deeplink/subproject/29b8b789-2b99-428f-ba9d-099581e8c962,not_attempted_download_disabled,https://bieterzugang.deutsche-evergabe.de/evergabe.bieter/api/supplier/external/deeplink/subproject/29b8b789-2b99-428f-ba9d-099581e8c962,,,,,0,
25827168,1,LOT-0000,non-restricted-document,https://www.sachsen-vergabe.de/NetServer/PublicationControllerServlet?function=Detail&TWOID=54321-PublishingProcess-1a0a4d12754-30a94582ba1f96c4&PublicationType=4,not_attempted_download_disabled,https://www.sachsen-vergabe.de/NetServer/PublicationControllerServlet?function=Detail&TWOID=54321-PublishingProcess-1a0a4d12754-30a94582ba1f96c4&PublicationType=4,,,,,0,
25822608,1,LOT-0000,non-restricted-document,https://www.evergabe.de/auftraege/suche-ueber-vergabestellen/Universit%25C3%25A4tsklinikum%2520Carl%2520Gustav%2520Carus%2520Dresden%2520an%2520der%2520Technischen%2520Universit%25C3%25A4t%2520Dresden/3454451,not_attempted_download_disabled,https://www.evergabe.de/auftraege/suche-ueber-vergabestellen/Universit%25C3%25A4tsklinikum%2520Carl%2520Gustav%2520Carus%2520Dresden%2520an%2520der%2520Technischen%2520Universit%25C3%25A4t%2520Dresden/3454451,,,,,0,
25822604,1,LOT-0000,non-restricted-document,https://www.evergabe.de/auftraege/suche-ueber-vergabestellen/Landestalsperrenverwaltung%2520des%2520Freistaates%2520Sachsen%2520Betrieb%2520Freiberger%2520Mulde%252FZschopau/3445523,not_attempted_download_disabled,https://www.evergabe.de/auftraege/suche-ueber-vergabestellen/Landestalsperrenverwaltung%2520des%2520Freistaates%2520Sachsen%2520Betrieb%2520Freiberger%2520Mulde%252FZschopau/3445523,,,,,0,
25822994,1,LOT-0000,non-restricted-document,https://vergabeportal-bw.de/Satellite/notice/CXRAY63YMM1,not_attempted_download_disabled,https://vergabeportal-bw.de/Satellite/notice/CXRAY63YMM1,,,,,0,
25659566,4,LOT-0000,non-restricted-document,https://bieterportal.noncd.db.de/evergabe.bieter/api/supplier/external/deeplink/subproject/2fa8b1f5-1de7-497c-908c-ab380bd1e848,not_attempted_download_disabled,https://bieterportal.noncd.db.de/evergabe.bieter/api/supplier/external/deeplink/subproject/2fa8b1f5-1de7-497c-908c-ab380bd1e848,,,,,0,
25825610,1,LOT-0000,non-restricted-document,https://evergabe.blb.nrw.de/Vergabe/notice/CXS7YYXDYR98Y68P,not_attempted_download_disabled,https://evergabe.blb.nrw.de/Vergabe/notice/CXS7YYXDYR98Y68P,,,,,0,
25823366,1,LOT-0000,non-restricted-document,https://vergabemarktplatz.brandenburg.de/VMPSatellite/notice/CXP9Y0HHNAS,not_attempted_download_disabled,https://vergabemarktplatz.brandenburg.de/VMPSatellite/notice/CXP9Y0HHNAS,,,,,0,
25825606,1,LOT-0000,non-restricted-document,https://evergabe.blb.nrw.de/Vergabe/notice/CXS7YYXDYR0DTUHK,not_attempted_download_disabled,https://evergabe.blb.nrw.de/Vergabe/notice/CXS7YYXDYR0DTUHK,,,,,0,
25823060,1,LOT-0000,non-restricted-document,https://vergabe.niedersachsen.de/Satellite/notice/CXTBYYHDYDWXCX1S,not_attempted_download_disabled,https://vergabe.niedersachsen.de/Satellite/notice/CXTBYYHDYDWXCX1S,,,,,0,
25825602,1,LOT-0000,non-restricted-document,https://evergabe.blb.nrw.de/Vergabe/notice/CXS7YYXDYR05VYY8,not_attempted_download_disabled,https://evergabe.blb.nrw.de/Vergabe/notice/CXS7YYXDYR05VYY8,,,,,0,
25822800,1,LOT-0000,non-restricted-document,https://www.evergabe.de/auftraege/suche-ueber-vergabestellen/Stadtverwaltung%2520Lutherstadt%2520Eisleben/3454427,not_attempted_download_disabled,https://www.evergabe.de/auftraege/suche-ueber-vergabestellen/Stadtverwaltung%2520Lutherstadt%2520Eisleben/3454427,,,,,0,
25823470,1,LOT-0000,non-restricted-document,https://rlp.vergabekommunal.de/Satellite/notice/CXVHY55DYY5DXLXQ,not_attempted_download_disabled,https://rlp.vergabekommunal.de/Satellite/notice/CXVHY55DYY5DXLXQ,,,,,0,
25826918,1,LOT-0000,non-restricted-document,https://bieterportal.noncd.db.de/evergabe.bieter/api/supplier/external/deeplink/subproject/b416160f-c2b8-4c65-bc1a-47995ddb3a93,not_attempted_download_disabled,https://bieterportal.noncd.db.de/evergabe.bieter/api/supplier/external/deeplink/subproject/b416160f-c2b8-4c65-bc1a-47995ddb3a93,,,,,0,
25822796,1,LOT-0000,non-restricted-document,https://www.evergabe.de/auftraege/suche-ueber-vergabestellen/Stadtverwaltung%2520Lutherstadt%2520Eisleben/3454423,not_attempted_download_disabled,https://www.evergabe.de/auftraege/suche-ueber-vergabestellen/Stadtverwaltung%2520Lutherstadt%2520Eisleben/3454423,,,,,0,
25822990,1,LOT-0000,non-restricted-document,https://vergabeportal-bw.de/Satellite/notice/CXS0YMSDYRCUXYC7,not_attempted_download_disabled,https://vergabeportal-bw.de/Satellite/notice/CXS0YMSDYRCUXYC7,,,,,0,
25807478,2,LOT-0000,non-restricted-document,https://bieterzugang.deutsche-evergabe.de/evergabe.bieter/api/supplier/external/deeplink/subproject/86ee86c6-5d70-4701-a69e-c816367552d1,not_attempted_download_disabled,https://bieterzugang.deutsche-evergabe.de/evergabe.bieter/api/supplier/external/deeplink/subproject/86ee86c6-5d70-4701-a69e-c816367552d1,,,,,0,
25822792,1,LOT-0000,non-restricted-document,https://www.evergabe.de/auftraege/suche-ueber-vergabestellen/Stadtverwaltung%2520Lutherstadt%2520Eisleben/3454410,not_attempted_download_disabled,https://www.evergabe.de/auftraege/suche-ueber-vergabestellen/Stadtverwaltung%2520Lutherstadt%2520Eisleben/3454410,,,,,0,
25822592,1,LOT-0000,non-restricted-document,https://www.evergabe.de/auftraege/suche-ueber-vergabestellen/Cargill%2520GmbH/3453759,not_attempted_download_disabled,https://www.evergabe.de/auftraege/suche-ueber-vergabestellen/Cargill%2520GmbH/3453759,,,,,0,
25825666,1,LOT-0000,non-restricted-document,https://www.vmp-rheinland.de/VMPSatellite/notice/CXT2YY6YTJ0D2BX5,not_attempted_download_disabled,https://www.vmp-rheinland.de/VMPSatellite/notice/CXT2YY6YTJ0D2BX5,,,,,0,
25825636,1,LOT-0000,non-restricted-document,https://www.vergabe-westfalen.de/VMPSatellite/notice/CXPWYDRLKD8,not_attempted_download_disabled,https://www.vergabe-westfalen.de/VMPSatellite/notice/CXPWYDRLKD8,,,,,0,
25758778,3,LOT-0000,non-restricted-document,https://vergabe.autobahn.de/NetServer/PublicationControllerServlet?function=Detail&TWOID=54321-Tender-1a00f6e594b-7e417becd2552fa8&PublicationType=0,not_attempted_download_disabled,https://vergabe.autobahn.de/NetServer/PublicationControllerServlet?function=Detail&TWOID=54321-Tender-1a00f6e594b-7e417becd2552fa8&PublicationType=0,,,,,0,
25823052,1,LOT-0000,non-restricted-document,https://vergabe.niedersachsen.de/Satellite/notice/CXQ6YY5RSDU,not_attempted_download_disabled,https://vergabe.niedersachsen.de/Satellite/notice/CXQ6YY5RSDU,,,,,0,
25825586,1,LOT-0000,non-restricted-document,https://www.vergaben-wirtschaftsregion-aachen.de/VMPSatellite/notice/CXVHYY5DYDQ2WBSM,not_attempted_download_disabled,https://www.vergaben-wirtschaftsregion-aachen.de/VMPSatellite/notice/CXVHYY5DYDQ2WBSM,,,,,0,
25822652,1,LOT-0000,non-restricted-document,https://www.evergabe.de/auftraege/suche-ueber-vergabestellen/Landeshauptstadt%2520Dresden/3454382,not_attempted_download_disabled,https://www.evergabe.de/auftraege/suche-ueber-vergabestellen/Landeshauptstadt%2520Dresden/3454382,,,,,0,
25823772,1,LOT-0000,non-restricted-document,https://saarvpsl.vmstart.de/NetServer/PublicationControllerServlet?function=Detail&TWOID=54321-Tender-19fadf6b2c1-6ba9f1919a0606ae&PublicationType=0,not_attempted_download_disabled,https://saarvpsl.vmstart.de/NetServer/PublicationControllerServlet?function=Detail&TWOID=54321-Tender-19fadf6b2c1-6ba9f1919a0606ae&PublicationType=0,,,,,0,
25826946,1,LOT-0000,non-restricted-document,https://www.deutsche-evergabe.de/dashboards/dashboard_off/d1f74f3e-1164-439e-a0ab-8e337c837e80,not_attempted_download_disabled,https://www.deutsche-evergabe.de/dashboards/dashboard_off/d1f74f3e-1164-439e-a0ab-8e337c837e80,,,,,0,
25822568,1,LOT-0000,non-restricted-document,https://www.evergabe.de/auftraege/suche-ueber-vergabestellen/Erzgebirgsklinikum%2520gGmbH/3437229,not_attempted_download_disabled,https://www.evergabe.de/auftraege/suche-ueber-vergabestellen/Erzgebirgsklinikum%2520gGmbH/3437229,,,,,0,
25823254,1,LOT-0000,non-restricted-document,https://www.dtvp.de/Satellite/notice/CXS0Y6TDYR9QR1EG,not_attempted_download_disabled,https://www.dtvp.de/Satellite/notice/CXS0Y6TDYR9QR1EG,,,,,0,
25825458,1,LOT-0000,non-restricted-document,https://vergabe.hessen.de/NetServer/PublicationControllerServlet?function=Detail&TWOID=54321-Tender-19f1d059d74-12ca75fdee5f36eb&PublicationType=0,not_attempted_download_disabled,https://vergabe.hessen.de/NetServer/PublicationControllerServlet?function=Detail&TWOID=54321-Tender-19f1d059d74-12ca75fdee5f36eb&PublicationType=0,,,,,0,
25822564,1,LOT-0000,non-restricted-document,https://www.evergabe.de/auftraege/suche-ueber-vergabestellen/Landratsamt%2520Bautzen/3454354,not_attempted_download_disabled,https://www.evergabe.de/auftraege/suche-ueber-vergabestellen/Landratsamt%2520Bautzen/3454354,,,,,0,
25823764,1,LOT-0000,non-restricted-document,https://vergabe.vmstart.de/NetServer/PublicationControllerServlet?function=Detail&TWOID=54321-Tender-1a0a3aeefd1-46f6f132f066973&PublicationType=4,not_attempted_download_disabled,https://vergabe.vmstart.de/NetServer/PublicationControllerServlet?function=Detail&TWOID=54321-Tender-1a0a3aeefd1-46f6f132f066973&PublicationType=4,,,,,0,
25822740,1,LOT-0000,non-restricted-document,https://www.evergabe.de/auftraege/suche-ueber-vergabestellen/WAZV%2520Mittleres%2520Nessetal/3427389,not_attempted_download_disabled,https://www.evergabe.de/auftraege/suche-ueber-vergabestellen/WAZV%2520Mittleres%2520Nessetal/3427389,,,,,0,
25822560,1,LOT-0000,non-restricted-document,https://www.evergabe.de/auftraege/suche-ueber-vergabestellen/VG%2520N%25C3%25BCnchritz%252DGlaubitz%252C%2520i%252E%2520A%252E%2520der%2520Gemeinde%2520Glaubitz/3454325,not_attempted_download_disabled,https://www.evergabe.de/auftraege/suche-ueber-vergabestellen/VG%2520N%25C3%25BCnchritz%252DGlaubitz%252C%2520i%252E%2520A%252E%2520der%2520Gemeinde%2520Glaubitz/3454325,,,,,0,
25825442,1,LOT-0000,non-restricted-document,https://www.ausschreibungen.ls.brandenburg.de/NetServer/PublicationControllerServlet?function=Detail&TWOID=54321-Tender-1a090e00277-47caa7c2ff970811&PublicationType=0,not_attempted_download_disabled,https://www.ausschreibungen.ls.brandenburg.de/NetServer/PublicationControllerServlet?function=Detail&TWOID=54321-Tender-1a090e00277-47caa7c2ff970811&PublicationType=0,,,,,0,
25826926,1,LOT-0000,non-restricted-document,https://www.deutsche-evergabe.de/dashboards/dashboard_off/94c01b6a-d9b5-4bfa-bc26-972fb9bb3258,not_attempted_download_disabled,https://www.deutsche-evergabe.de/dashboards/dashboard_off/94c01b6a-d9b5-4bfa-bc26-972fb9bb3258,,,,,0,
25771066,2,LOT-0000,non-restricted-document,https://www.deutsches-ausschreibungsblatt.de/VN/K-CLP-65.1-2026-0014,not_attempted_download_disabled,https://www.deutsches-ausschreibungsblatt.de/VN/K-CLP-65.1-2026-0014,,,,,0,
25823162,1,LOT-0000,non-restricted-document,https://www.dtvp.de/Satellite/notice/CXP4YKRMP9E,not_attempted_download_disabled,https://www.dtvp.de/Satellite/notice/CXP4YKRMP9E,,,,,0,
25822700,1,LOT-0000,non-restricted-document,https://www.evergabe.de/auftraege/suche-ueber-vergabestellen/Stadtverwaltung%2520Werdau/3454333,not_attempted_download_disabled,https://www.evergabe.de/auftraege/suche-ueber-vergabestellen/Stadtverwaltung%2520Werdau/3454333,,,,,0,
25823044,1,LOT-0000,non-restricted-document,https://vergabe.niedersachsen.de/Satellite/notice/CXQ6YY6RSDK,not_attempted_download_disabled,https://vergabe.niedersachsen.de/Satellite/notice/CXQ6YY6RSDK,,,,,0,
25826922,1,LOT-0000,non-restricted-document,https://www.deutsche-evergabe.de/dashboards/dashboard_off/47ac995f-9417-4f64-878d-09f022f9d659,not_attempted_download_disabled,https://www.deutsche-evergabe.de/dashboards/dashboard_off/47ac995f-9417-4f64-878d-09f022f9d659,,,,,0,
25825706,1,LOT-0000,non-restricted-document,https://www.vmp-rheinland.de/VMPSatellite/notice/CXS0YBTDYR9K523P,not_attempted_download_disabled,https://www.vmp-rheinland.de/VMPSatellite/notice/CXS0YBTDYR9K523P,,,,,0,
25826914,1,LOT-0000,non-restricted-document,https://www.deutsche-evergabe.de/dashboards/dashboard_off/de576892-257e-459a-a5b1-883a33cf8457,not_attempted_download_disabled,https://www.deutsche-evergabe.de/dashboards/dashboard_off/de576892-257e-459a-a5b1-883a33cf8457,,,,,0,
25826004,1,LOT-0000,non-restricted-document,http://www.vergabe.bayern.de/Vergabeinformationen.bayernvergabeinformationen.0.html?details=1082283,not_attempted_download_disabled,http://www.vergabe.bayern.de/Vergabeinformationen.bayernvergabeinformationen.0.html?details=1082283,,,,,0,
25826008,1,LOT-0000,non-restricted-document,http://www.vergabe.bayern.de/Vergabeinformationen.bayernvergabeinformationen.0.html?details=1082284,not_attempted_download_disabled,http://www.vergabe.bayern.de/Vergabeinformationen.bayernvergabeinformationen.0.html?details=1082284,,,,,0,
25823466,1,LOT-0000,non-restricted-document,https://rlp.vergabekommunal.de/Satellite/notice/CXS0YDEDYR9J9VGS,not_attempted_download_disabled,https://rlp.vergabekommunal.de/Satellite/notice/CXS0YDEDYR9J9VGS,,,,,0,
25825702,1,LOT-0000,non-restricted-document,https://www.vmp-rheinland.de/VMPSatellite/notice/CXVHYYLDYR9ZNVU7,not_attempted_download_disabled,https://www.vmp-rheinland.de/VMPSatellite/notice/CXVHYYLDYR9ZNVU7,,,,,0,
25823370,1,LOT-0000,non-restricted-document,https://vergabemarktplatz.brandenburg.de/VMPSatellite/notice/CXP9YHVHXM8,not_attempted_download_disabled,https://vergabemarktplatz.brandenburg.de/VMPSatellite/notice/CXP9YHVHXM8,,,,,0,
25826886,1,LOT-0000,non-restricted-document,https://bieterzugang.deutsche-evergabe.de/evergabe.bieter/api/supplier/external/deeplink/subproject/b648412b-14b0-4a31-8dbe-f911a7720d71,not_attempted_download_disabled,https://bieterzugang.deutsche-evergabe.de/evergabe.bieter/api/supplier/external/deeplink/subproject/b648412b-14b0-4a31-8dbe-f911a7720d71,,,,,0,
25826906,1,LOT-0000,non-restricted-document,https://www.deutsche-evergabe.de/dashboards/dashboard_off/2f1232ee-03d8-4e57-aac1-97f6d27e8626,not_attempted_download_disabled,https://www.deutsche-evergabe.de/dashboards/dashboard_off/2f1232ee-03d8-4e57-aac1-97f6d27e8626,,,,,0,
25823040,1,LOT-0000,non-restricted-document,https://vergabe.niedersachsen.de/Satellite/notice/CXQ6YY5RSDA,not_attempted_download_disabled,https://vergabe.niedersachsen.de/Satellite/notice/CXQ6YY5RSDA,,,,,0,
25823748,1,LOT-0000,non-restricted-document,https://vergabe.autobahn.de/NetServer/PublicationControllerServlet?function=Detail&TWOID=54321-Tender-1a08b0c5f69-5ad704833ac08d76&PublicationType=0,not_attempted_download_disabled,https://vergabe.autobahn.de/NetServer/PublicationControllerServlet?function=Detail&TWOID=54321-Tender-1a08b0c5f69-5ad704833ac08d76&PublicationType=0,,,,,0,
25823170,1,LOT-0000,non-restricted-document,https://www.dtvp.de/Satellite/notice/CXP4D6JMPFK,not_attempted_download_disabled,https://www.dtvp.de/Satellite/notice/CXP4D6JMPFK,,,,,0,
25825296,1,LOT-0000,non-restricted-document,https://www.deutsches-ausschreibungsblatt.de/VN/X-VGWIL-2026-0073,not_attempted_download_disabled,https://www.deutsches-ausschreibungsblatt.de/VN/X-VGWIL-2026-0073,,,,,0,
25822552,1,LOT-0000,non-restricted-document,https://www.evergabe.de/auftraege/suche-ueber-vergabestellen/Landratsamt%2520Bautzen/3454267,not_attempted_download_disabled,https://www.evergabe.de/auftraege/suche-ueber-vergabestellen/Landratsamt%2520Bautzen/3454267,,,,,0,
25823032,1,LOT-0000,non-restricted-document,https://vergabe.niedersachsen.de/Satellite/notice/CXQ6YY5RSDF,not_attempted_download_disabled,https://vergabe.niedersachsen.de/Satellite/notice/CXQ6YY5RSDF,,,,,0,
25823016,1,LOT-0000,non-restricted-document,https://vergabe.niedersachsen.de/Satellite/notice/CXQ6YY6RSYX,not_attempted_download_disabled,https://vergabe.niedersachsen.de/Satellite/notice/CXQ6YY6RSYX,,,,,0,
25823402,1,LOT-0000,non-restricted-document,https://vergabemarktplatz.brandenburg.de/VMPSatellite/notice/CXVHYR2DYR9NH9B6,not_attempted_download_disabled,https://vergabemarktplatz.brandenburg.de/VMPSatellite/notice/CXVHYR2DYR9NH9B6,,,,,0,
25822732,1,LOT-0000,non-restricted-document,https://www.evergabe.de/auftraege/suche-ueber-vergabestellen/Gemeinde%2520S%25C3%25BCdeichsfeld/3453790,not_attempted_download_disabled,https://www.evergabe.de/auftraege/suche-ueber-vergabestellen/Gemeinde%2520S%25C3%25BCdeichsfeld/3453790,,,,,0,
25823654,1,LOT-0000,non-restricted-document,https://www.had.de/onlinesuche_langfassung.html?showpub=RCL5HYHMAE7WIG5J,not_attempted_download_disabled,https://www.had.de/onlinesuche_langfassung.html?showpub=RCL5HYHMAE7WIG5J,,,,,0,
25825652,1,LOT-0000,non-restricted-document,https://www.vergabe-westfalen.de/VMPSatellite/notice/CXS0YRNDYR0CAN1E,not_attempted_download_disabled,https://www.vergabe-westfalen.de/VMPSatellite/notice/CXS0YRNDYR0CAN1E,,,,,0,
25822724,1,LOT-0000,non-restricted-document,https://www.evergabe.de/auftraege/suche-ueber-vergabestellen/Gemeinde%2520S%25C3%25BCdeichsfeld/3453782,not_attempted_download_disabled,https://www.evergabe.de/auftraege/suche-ueber-vergabestellen/Gemeinde%2520S%25C3%25BCdeichsfeld/3453782,,,,,0,
25822728,1,LOT-0000,non-restricted-document,https://www.evergabe.de/auftraege/suche-ueber-vergabestellen/Gemeinde%2520S%25C3%25BCdeichsfeld/3453789,not_attempted_download_disabled,https://www.evergabe.de/auftraege/suche-ueber-vergabestellen/Gemeinde%2520S%25C3%25BCdeichsfeld/3453789,,,,,0,
25822720,1,LOT-0000,non-restricted-document,https://www.evergabe.de/auftraege/suche-ueber-vergabestellen/Gemeinde%2520S%25C3%25BCdeichsfeld/3453781,not_attempted_download_disabled,https://www.evergabe.de/auftraege/suche-ueber-vergabestellen/Gemeinde%2520S%25C3%25BCdeichsfeld/3453781,,,,,0,
25822712,1,LOT-0000,non-restricted-document,https://www.evergabe.de/auftraege/suche-ueber-vergabestellen/Gemeinde%2520S%25C3%25BCdeichsfeld/3453779,not_attempted_download_disabled,https://www.evergabe.de/auftraege/suche-ueber-vergabestellen/Gemeinde%2520S%25C3%25BCdeichsfeld/3453779,,,,,0,
25822716,1,LOT-0000,non-restricted-document,https://www.evergabe.de/auftraege/suche-ueber-vergabestellen/Gemeinde%2520S%25C3%25BCdeichsfeld/3453780,not_attempted_download_disabled,https://www.evergabe.de/auftraege/suche-ueber-vergabestellen/Gemeinde%2520S%25C3%25BCdeichsfeld/3453780,,,,,0,
25822696,1,LOT-0000,non-restricted-document,https://www.evergabe.de/auftraege/suche-ueber-vergabestellen/Rettungszweckverband%2520S%25C3%25BCdwestsachsen/3453742,not_attempted_download_disabled,https://www.evergabe.de/auftraege/suche-ueber-vergabestellen/Rettungszweckverband%2520S%25C3%25BCdwestsachsen/3453742,,,,,0,
25822680,1,LOT-0000,non-restricted-document,https://www.evergabe.de/auftraege/suche-ueber-vergabestellen/Landesamt%2520f%25C3%25BCr%2520Stra%25C3%259Fenbau%2520und%2520Verkehr%252C%2520Zentrale/3454255,not_attempted_download_disabled,https://www.evergabe.de/auftraege/suche-ueber-vergabestellen/Landesamt%2520f%25C3%25BCr%2520Stra%25C3%259Fenbau%2520und%2520Verkehr%252C%2520Zentrale/3454255,,,,,0,
25823724,1,LOT-0000,non-restricted-document,http://www.vergabe.stadt-frankfurt.de/NetServer/PublicationControllerServlet?function=Detail&TWOID=54321-Tender-1a04798336f-2c7a3043bf5a0201&PublicationType=0,not_attempted_download_disabled,http://www.vergabe.stadt-frankfurt.de/NetServer/PublicationControllerServlet?function=Detail&TWOID=54321-Tender-1a04798336f-2c7a3043bf5a0201&PublicationType=0,,,,,0,
25827160,1,LOT-0000,non-restricted-document,https://www.sachsen-vergabe.de/NetServer/PublicationControllerServlet?function=Detail&TWOID=54321-PublishingProcess-1a0a38cef70-757ad2590737f419&PublicationType=4,not_attempted_download_disabled,https://www.sachsen-vergabe.de/NetServer/PublicationControllerServlet?function=Detail&TWOID=54321-PublishingProcess-1a0a38cef70-757ad2590737f419&PublicationType=4,,,,,0,
25825454,1,LOT-0000,non-restricted-document,https://vergabe.hessen.de/NetServer/PublicationControllerServlet?function=Detail&TWOID=54321-Tender-1a085355816-53646e3bdfb92afd&PublicationType=0,not_attempted_download_disabled,https://vergabe.hessen.de/NetServer/PublicationControllerServlet?function=Detail&TWOID=54321-Tender-1a085355816-53646e3bdfb92afd&PublicationType=0,,,,,0,
25822832,1,LOT-0000,non-restricted-document,https://www.evergabe.de/auftraege/suche-ueber-vergabestellen/Helmholtz%2520Zentrum%2520M%25C3%25BCnchen%2520Deutsches%2520Forschungszentrum%2520f%25C3%25BCr%2520Gesundheit%2520und%2520Umwelt%2520%2528GmbH%2529/3453713,not_attempted_download_disabled,https://www.evergabe.de/auftraege/suche-ueber-vergabestellen/Helmholtz%2520Zentrum%2520M%25C3%25BCnchen%2520Deutsches%2520Forschungszentrum%2520f%25C3%25BCr%2520Gesundheit%2520und%2520Umwelt%2520%2528GmbH%2529/3453713,,,,,0,
25822676,1,LOT-0000,non-restricted-document,https://www.evergabe.de/auftraege/suche-ueber-vergabestellen/Landesamt%2520f%25C3%25BCr%2520Stra%25C3%259Fenbau%2520und%2520Verkehr%252C%2520Niederlassung%2520Mei%25C3%259Fen/3453772,not_attempted_download_disabled,https://www.evergabe.de/auftraege/suche-ueber-vergabestellen/Landesamt%2520f%25C3%25BCr%2520Stra%25C3%259Fenbau%2520und%2520Verkehr%252C%2520Niederlassung%2520Mei%25C3%259Fen/3453772,,,,,0,
25822640,1,LOT-0000,non-restricted-document,https://www.evergabe.de/auftraege/suche-ueber-vergabestellen/Landeshauptstadt%2520Dresden/3453702,not_attempted_download_disabled,https://www.evergabe.de/auftraege/suche-ueber-vergabestellen/Landeshauptstadt%2520Dresden/3453702,,,,,0,
25823226,1,LOT-0000,non-restricted-document,https://www.dtvp.de/Satellite/notice/CXS0YE5DYDXVVFFT,not_attempted_download_disabled,https://www.dtvp.de/Satellite/notice/CXS0YE5DYDXVVFFT,,,,,0,
25822548,1,LOT-0000,non-restricted-document,https://www.evergabe.de/auftraege/suche-ueber-vergabestellen/WAZV%2520Mittlere%2520Wesenitz/3453688,not_attempted_download_disabled,https://www.evergabe.de/auftraege/suche-ueber-vergabestellen/WAZV%2520Mittlere%2520Wesenitz/3453688,,,,,0,
25822528,1,LOT-0000,non-restricted-document,https://vergabe.deges.de/NetServer/PublicationControllerServlet?function=Detail&TWOID=54321-Tender-1a09e6ebcf2-297f679630f53b43&PublicationType=0,not_attempted_download_disabled,https://vergabe.deges.de/NetServer/PublicationControllerServlet?function=Detail&TWOID=54321-Tender-1a09e6ebcf2-297f679630f53b43&PublicationType=0,,,,,0,
25823140,1,LOT-0000,non-restricted-document,https://evergabe.bundesverkehrsverwaltung.de/VMPSatellite/notice/CXWSYYLDYYWDQ27Q,not_attempted_download_disabled,https://evergabe.bundesverkehrsverwaltung.de/VMPSatellite/notice/CXWSYYLDYYWDQ27Q,,,,,0,
25827148,1,LOT-0000,non-restricted-document,https://plattform.aumass.de/Veroeffentlichung/AV286B5C,not_attempted_download_disabled,https://plattform.aumass.de/Veroeffentlichung/AV286B5C,,,,,0,
25822474,1,LOT-0000,non-restricted-document,https://www.staatsanzeiger-eservices.de/besuJs/BekLanding4Bund?z_param=2026-11-0381321,not_attempted_download_disabled,https://www.staatsanzeiger-eservices.de/besuJs/BekLanding4Bund?z_param=2026-11-0381321,,,,,0,
25822536,1,LOT-0000,non-restricted-document,https://www.evergabe.de/auftraege/suche-ueber-vergabestellen/Basketball%2520L%25C3%25B6wen%2520e%252EV%252E/3453741,not_attempted_download_disabled,https://www.evergabe.de/auftraege/suche-ueber-vergabestellen/Basketball%2520L%25C3%25B6wen%2520e%252EV%252E/3453741,,,,,0,
25825670,1,LOT-0000,non-restricted-document,https://www.vmp-rheinland.de/VMPSatellite/notice/CXPTYDMDUT5,not_attempted_download_disabled,https://www.vmp-rheinland.de/VMPSatellite/notice/CXPTYDMDUT5,,,,,0,
25826854,1,LOT-0000,non-restricted-document,https://bieterzugang.deutsche-evergabe.de/evergabe.bieter/api/supplier/external/deeplink/subproject/0fed9c73-2ba8-4793-ae21-b4dad6210356,not_attempted_download_disabled,https://bieterzugang.deutsche-evergabe.de/evergabe.bieter/api/supplier/external/deeplink/subproject/0fed9c73-2ba8-4793-ae21-b4dad6210356,,,,,0,
25825516,1,LOT-0000,non-restricted-document,https://bund.vergabe24.de/?hash=41431aadc2706cfd5cf69e3bac49cbfd,not_attempted_download_disabled,https://bund.vergabe24.de/?hash=41431aadc2706cfd5cf69e3bac49cbfd,,,,,0,
25825536,1,LOT-0000,non-restricted-document,https://bund.vergabe24.de/?hash=5b4428a5b110ed40405039c4180e1ecd,not_attempted_download_disabled,https://bund.vergabe24.de/?hash=5b4428a5b110ed40405039c4180e1ecd,,,,,0,
25825544,1,LOT-0000,non-restricted-document,https://bund.vergabe24.de/?hash=ee62d3d29b5f193034ebcab4a5f02823,not_attempted_download_disabled,https://bund.vergabe24.de/?hash=ee62d3d29b5f193034ebcab4a5f02823,,,,,0,
25825552,1,LOT-0000,non-restricted-document,https://bund.vergabe24.de/?hash=a88d4565f0ff96eae6f5ab6f8ca6daf4,not_attempted_download_disabled,https://bund.vergabe24.de/?hash=a88d4565f0ff96eae6f5ab6f8ca6daf4,,,,,0,
25825484,1,LOT-0000,non-restricted-document,https://bund.vergabe24.de/?hash=6bd629b5e49a33f27c2cd7e85bdb5cf4,not_attempted_download_disabled,https://bund.vergabe24.de/?hash=6bd629b5e49a33f27c2cd7e85bdb5cf4,,,,,0,
25823136,1,LOT-0000,non-restricted-document,https://evergabe.bundesverkehrsverwaltung.de/VMPSatellite/notice/CXWSYYCDYDTCLC7N,not_attempted_download_disabled,https://evergabe.bundesverkehrsverwaltung.de/VMPSatellite/notice/CXWSYYCDYDTCLC7N,,,,,0,
25823492,1,LOT-0000,non-restricted-document,https://ausschreibungen.giz.de/Satellite/notice/CXTRYY6DYD74ENF7,not_attempted_download_disabled,https://ausschreibungen.giz.de/Satellite/notice/CXTRYY6DYD74ENF7,,,,,0,
25825640,1,LOT-0000,non-restricted-document,https://www.vergabe-westfalen.de/VMPSatellite/notice/CXS0YRNYT18D9U5M,not_attempted_download_disabled,https://www.vergabe-westfalen.de/VMPSatellite/notice/CXS0YRNYT18D9U5M,,,,,0,
25825798,1,LOT-0000,non-restricted-document,https://www.vergabe.metropoleruhr.de/VMPSatellite/notice/CXTJYY6DYDKVW3FQ,not_attempted_download_disabled,https://www.vergabe.metropoleruhr.de/VMPSatellite/notice/CXTJYY6DYDKVW3FQ,,,,,0,
25825832,1,LOT-0000,non-restricted-document,https://lbm.vergabe.rlp.de/VMPSatellite/notice/CXS2YYRDYRCPY5RP,not_attempted_download_disabled,https://lbm.vergabe.rlp.de/VMPSatellite/notice/CXS2YYRDYRCPY5RP,,,,,0,
25825748,1,LOT-0000,non-restricted-document,https://www.evergabe.nrw.de/VMPSatellite/notice/CXS7Y51DYRC8DZB3,not_attempted_download_disabled,https://www.evergabe.nrw.de/VMPSatellite/notice/CXS7Y51DYRC8DZB3,,,,,0,
25826000,1,LOT-0000,non-restricted-document,https://www.meinauftrag.rib.de/public/DetailsByPlatformIdAndTenderId/platformId/1/tenderId/303684,not_attempted_download_disabled,https://www.meinauftrag.rib.de/public/DetailsByPlatformIdAndTenderId/platformId/1/tenderId/303684,,,,,0,
25826028,1,LOT-0000,non-restricted-document,https://www.meinauftrag.rib.de/public/DetailsByPlatformIdAndTenderId/platformId/2/tenderId/210349,not_attempted_download_disabled,https://www.meinauftrag.rib.de/public/DetailsByPlatformIdAndTenderId/platformId/2/tenderId/210349,,,,,0,
25826032,1,LOT-0000,non-restricted-document,https://www.meinauftrag.rib.de/public/DetailsByPlatformIdAndTenderId/platformId/2/tenderId/210351,not_attempted_download_disabled,https://www.meinauftrag.rib.de/public/DetailsByPlatformIdAndTenderId/platformId/2/tenderId/210351,,,,,0,
25826036,1,LOT-0000,non-restricted-document,https://www.meinauftrag.rib.de/public/DetailsByPlatformIdAndTenderId/platformId/2/tenderId/210355,not_attempted_download_disabled,https://www.meinauftrag.rib.de/public/DetailsByPlatformIdAndTenderId/platformId/2/tenderId/210355,,,,,0,
25826044,1,LOT-0000,non-restricted-document,https://www.meinauftrag.rib.de/public/DetailsByPlatformIdAndTenderId/platformId/2/tenderId/210357,not_attempted_download_disabled,https://www.meinauftrag.rib.de/public/DetailsByPlatformIdAndTenderId/platformId/2/tenderId/210357,,,,,0,
25826086,1,LOT-0000,non-restricted-document,https://www.meinauftrag.rib.de/public/DetailsByPlatformIdAndTenderId/platformId/3/tenderId/157533,not_attempted_download_disabled,https://www.meinauftrag.rib.de/public/DetailsByPlatformIdAndTenderId/platformId/3/tenderId/157533,,,,,0,
25826012,1,LOT-0000,non-restricted-document,https://www.meinauftrag.rib.de/public/DetailsByPlatformIdAndTenderId/platformId/2/tenderId/210339,not_attempted_download_disabled,https://www.meinauftrag.rib.de/public/DetailsByPlatformIdAndTenderId/platformId/2/tenderId/210339,,,,,0,
25826016,1,LOT-0000,non-restricted-document,https://www.meinauftrag.rib.de/public/DetailsByPlatformIdAndTenderId/platformId/2/tenderId/210347,not_attempted_download_disabled,https://www.meinauftrag.rib.de/public/DetailsByPlatformIdAndTenderId/platformId/2/tenderId/210347,,,,,0,
25826058,1,LOT-0000,non-restricted-document,https://www.meinauftrag.rib.de/public/DetailsByPlatformIdAndTenderId/platformId/3/tenderId/157409,not_attempted_download_disabled,https://www.meinauftrag.rib.de/public/DetailsByPlatformIdAndTenderId/platformId/3/tenderId/157409,,,,,0,
25825836,1,LOT-0000,non-restricted-document,https://lbm.vergabe.rlp.de/VMPSatellite/notice/CXS2YYRDYR046HQ7,not_attempted_download_disabled,https://lbm.vergabe.rlp.de/VMPSatellite/notice/CXS2YYRDYR046HQ7,,,,,0,
200ff04c-a468-4b9e-bd0f-b1b7643c3f77,1,LOT-0000,non-restricted-document,https://www.evergabe-online.de/tenderdetails.html?id=890925,not_attempted_download_disabled,https://www.evergabe-online.de/tenderdetails.html?id=890925,,,,,0,
b0f6fa43-92ac-4e7c-a8c9-55e3487121b0,2,LOT-0000,non-restricted-document,https://www.evergabe-online.de/tenderdetails.html?id=889059,not_attempted_download_disabled,https://www.evergabe-online.de/tenderdetails.html?id=889059,,,,,0,
cb0b417c-4949-40cb-babb-8d35ac5ecb26,1,LOT-0000,non-restricted-document,https://www.evergabe-online.de/tenderdetails.html?id=888130,not_attempted_download_disabled,https://www.evergabe-online.de/tenderdetails.html?id=888130,,,,,0,
86a622d6-b5c8-42ae-8e4e-834ac610f252,2,LOT-0000,non-restricted-document,https://www.evergabe-online.de/tenderdetails.html?id=890526,not_attempted_download_disabled,https://www.evergabe-online.de/tenderdetails.html?id=890526,,,,,0,
a9a248f5-fa5a-471c-8cb2-30ea888267a3,2,LOT-0000,non-restricted-document,https://www.evergabe-online.de/tenderdetails.html?id=890592,not_attempted_download_disabled,https://www.evergabe-online.de/tenderdetails.html?id=890592,,,,,0,
533019ec-0a4e-4ace-b65a-80ad779a29ec,01,LOT-0000,non-restricted-document,https://vergabe.bremen.de/NetServer/TenderingProcedureDetails?function=_Details&TenderOID=54321-Tender-1a0a45e84bb-3c8a0c38b3fa449e,not_attempted_download_disabled,https://vergabe.bremen.de/NetServer/TenderingProcedureDetails?function=_Details&TenderOID=54321-Tender-1a0a45e84bb-3c8a0c38b3fa449e,,,,,0,
b8c743e3-0629-4d28-9e6f-5a669b05f017,01,LOT-0000,non-restricted-document,https://vergabe.bremen.de/NetServer/TenderingProcedureDetails?function=_Details&TenderOID=54321-Tender-1a0a3b8759b-30d68d44e383235b,not_attempted_download_disabled,https://vergabe.bremen.de/NetServer/TenderingProcedureDetails?function=_Details&TenderOID=54321-Tender-1a0a3b8759b-30d68d44e383235b,,,,,0,
57f6110d-aabb-4481-b481-a36e978c631c,1,LOT-0000,non-restricted-document,https://www.evergabe-online.de/tenderdetails.html?id=891107,not_attempted_download_disabled,https://www.evergabe-online.de/tenderdetails.html?id=891107,,,,,0,
c62abfd1-f12f-483b-ad30-083a126132f6,1,LOT-0000,non-restricted-document,https://www.evergabe-online.de/tenderdetails.html?id=891149,not_attempted_download_disabled,https://www.evergabe-online.de/tenderdetails.html?id=891149,,,,,0,
25827454,1,LOT-0000,non-restricted-document,https://einkauf.lmbv.de,not_attempted_download_disabled,https://einkauf.lmbv.de,,,,,0,
