noticeIdentifier,noticeVersion,lotIdentifier,scope,documentReferenceId,documentType,description,rawUrl,url
c5ef3499-a4b9-47ec-bc70-26f11a16f0c3,01,LOT-0000,lot,209781,non-restricted-document,,https://www.meinauftrag.rib.de/public/DetailsByPlatformIdAndTenderId/platformId/2/tenderId/209781,https://www.meinauftrag.rib.de/public/DetailsByPlatformIdAndTenderId/platformId/2/tenderId/209781
7b083735-d2fe-4149-b920-ca6a524868e3,1,LOT-0000,lot,No ID,non-restricted-document,,https://www.evergabe-online.de/tenderdetails.html?id=890394,https://www.evergabe-online.de/tenderdetails.html?id=890394
62017582-b322-43ba-b234-99c6d10e7cde,1,LOT-0000,lot,No ID,non-restricted-document,,https://www.evergabe-online.de/tenderdetails.html?id=890308,https://www.evergabe-online.de/tenderdetails.html?id=890308
8168d760-e364-4120-9df0-b30c308f22c7,1,LOT-0000,lot,No ID,non-restricted-document,,https://www.evergabe-online.de/tenderdetails.html?id=890314,https://www.evergabe-online.de/tenderdetails.html?id=890314
ca6a9d29-4645-4b9f-9cbf-ec837f1587f9,01,LOT-0000,lot,TenderDoc,non-restricted-document,,https://vergabe.hessen.de/NetServer/TenderingProcedureDetails?function=_Details&TenderOID=54321-Tender-1a01a48046c-4786c276912678ee,https://vergabe.hessen.de/NetServer/TenderingProcedureDetails?function=_Details&TenderOID=54321-Tender-1a01a48046c-4786c276912678ee
041a3b4a-d1d4-4009-9dcc-6ff36b793ef3,01,LOT-0001,lot,E79145776,non-restricted-document,,https://www.subreport.de/E79145776,https://www.subreport.de/E79145776
6bf5b4f6-4a92-47f9-bc92-0d3e550a2fe2,01,LOT-0000,lot,TenderDoc,non-restricted-document,,https://vergabe.bremen.de/NetServer/TenderingProcedureDetails?function=_Details&TenderOID=54321-Tender-1a08b750479-1991c936bf5766ad,https://vergabe.bremen.de/NetServer/TenderingProcedureDetails?function=_Details&TenderOID=54321-Tender-1a08b750479-1991c936bf5766ad
307bbb8e-7821-42e3-bebc-c5ce607d6d58,01,LOT-0001,lot,E31832426,non-restricted-document,,https://www.subreport.de/E31832426,https://www.subreport.de/E31832426
5bf0da81-04b4-4540-a2a1-fa832e81b42d,01,LOT-0000,lot,TenderDoc,non-restricted-document,,https://vergabe.bremen.de/NetServer/TenderingProcedureDetails?function=_Details&TenderOID=54321-Tender-1a08b4264b6-4403db0827312a81,https://vergabe.bremen.de/NetServer/TenderingProcedureDetails?function=_Details&TenderOID=54321-Tender-1a08b4264b6-4403db0827312a81
fcd29cc5-5683-4216-98b9-bce47074c29b,01,LOT-0000,lot,TenderDoc,non-restricted-document,,https://vergabe.fraunhofer.de/NetServer/TenderingProcedureDetails?function=_Details&TenderOID=54321-Tender-1a09ff0201a-5ae0a30c85f4514e,https://vergabe.fraunhofer.de/NetServer/TenderingProcedureDetails?function=_Details&TenderOID=54321-Tender-1a09ff0201a-5ae0a30c85f4514e
80a70f68-a454-456f-b5ea-c7d81027ef8b,01,LOT-0000,lot,301419,non-restricted-document,,https://www.meinauftrag.rib.de/public/DetailsByPlatformIdAndTenderId/platformId/1/tenderId/301419,https://www.meinauftrag.rib.de/public/DetailsByPlatformIdAndTenderId/platformId/1/tenderId/301419
deebdf92-64cc-4802-981c-de0c3eef80e2,01,LOT-0000,lot,209998,non-restricted-document,,https://www.meinauftrag.rib.de/public/DetailsByPlatformIdAndTenderId/platformId/2/tenderId/209998,https://www.meinauftrag.rib.de/public/DetailsByPlatformIdAndTenderId/platformId/2/tenderId/209998
93613bd8-3bcd-4118-bbce-f56adce48bb4,01,LOT-0000,lot,TenderDoc,non-restricted-document,,https://www.had.de/NetServer/TenderingProcedureDetails?function=_Details&TenderOID=54321-Tender-1a08fac6fdb-8755243a2baca4d,https://www.had.de/NetServer/TenderingProcedureDetails?function=_Details&TenderOID=54321-Tender-1a08fac6fdb-8755243a2baca4d
7a2bc9a7-8015-4b5e-b0de-841f3a78496b,01,LOT-0001,lot,E41738449,non-restricted-document,,https://www.subreport.de/E41738449,https://www.subreport.de/E41738449
0154f570-03d0-4766-90ab-501c3e9c9727,01,LOT-0001,lot,SomeTenderDocID1,non-restricted-document,,https://www.dtvp.de/Satellite/notice/CXP4Y9DMPQS/documents,https://www.dtvp.de/Satellite/notice/CXP4Y9DMPQS/documents
9a1b2062-053c-47dc-bc6c-b4cd4604c5f2,01,LOT-0001,lot,9a1b2062-053c-47dc-bc6c-b4cd4604c5f2,non-restricted-document,,https://www.deutsche-evergabe.de/dashboards/dashboard_off/9a1b2062-053c-47dc-bc6c-b4cd4604c5f2,https://www.deutsche-evergabe.de/dashboards/dashboard_off/9a1b2062-053c-47dc-bc6c-b4cd4604c5f2
2f51da30-ace1-438c-87f3-d453fea657eb,01,LOT-0001,lot,E51333294,non-restricted-document,,https://www.subreport.de/E51333294,https://www.subreport.de/E51333294
ddcd7ad8-87a6-4630-8e5c-2b280cfcc3dc,01,LOT-0000,lot,TenderDoc,non-restricted-document,,https://vergabe.hessen.de/NetServer/TenderingProcedureDetails?function=_Details&TenderOID=54321-Tender-19ff9c4ef56-27f39c1ab70be209,https://vergabe.hessen.de/NetServer/TenderingProcedureDetails?function=_Details&TenderOID=54321-Tender-19ff9c4ef56-27f39c1ab70be209
c214e855-82c8-4204-94b5-4a8bc3c188b8,01,LOT-0001,lot,av286b63-eu,non-restricted-document,,https://plattform.aumass.de/Veroeffentlichung/av286b63-eu,https://plattform.aumass.de/Veroeffentlichung/av286b63-eu
68799396-9c0b-41bc-84f6-3c646b99051e,01,LOT-0001,lot,E67174425,non-restricted-document,,https://www.subreport.de/E67174425,https://www.subreport.de/E67174425
172ae66a-09d6-41d6-aa39-f7a293f9a600,01,LOT-0000,lot,210338,non-restricted-document,,https://www.meinauftrag.rib.de/public/DetailsByPlatformIdAndTenderId/platformId/2/tenderId/210338,https://www.meinauftrag.rib.de/public/DetailsByPlatformIdAndTenderId/platformId/2/tenderId/210338
f183c2f1-a1f6-4252-8ac6-5866d30c6ca4,01,LOT-0001,lot,SomeTenderDocID1,non-restricted-document,,https://www.dtvp.de/Satellite/notice/CXP4Y6JMPXT/documents,https://www.dtvp.de/Satellite/notice/CXP4Y6JMPXT/documents
921b9e0b-9696-467e-a913-ccc15ad1abe6,01,LOT-0001,lot,SomeTenderDocID1,non-restricted-document,,https://vergabemarktplatz.brandenburg.de/VMPSatellite/notice/CXVRYYDDYRCGCN3N/documents,https://vergabemarktplatz.brandenburg.de/VMPSatellite/notice/CXVRYYDDYRCGCN3N/documents
e4037a44-d382-4130-95c5-b24bacec472a,01,LOT-0000,lot,TenderDoc,non-restricted-document,,https://saarvpsl.vmstart.de/NetServer/TenderingProcedureDetails?function=_Details&TenderOID=54321-Tender-19ff62fe67f-5c9942034dc5e46e,https://saarvpsl.vmstart.de/NetServer/TenderingProcedureDetails?function=_Details&TenderOID=54321-Tender-19ff62fe67f-5c9942034dc5e46e
531ef96a-411b-4e8d-9e60-ba326a97f149,01,LOT-0000,lot,TenderDoc,non-restricted-document,,https://www.sachsen-vergabe.de/NetServer/PublicationControllerServlet?function=Detail&TWOID=54321-Tender-19fc640c1ea-3306e7da0e9d5fca&PublicationType=0,https://www.sachsen-vergabe.de/NetServer/PublicationControllerServlet?function=Detail&TWOID=54321-Tender-19fc640c1ea-3306e7da0e9d5fca&PublicationType=0
a3beabad-c6af-4c42-804c-bbcc86f3b382,01,LOT-0001,lot,890491-1,non-restricted-document,,https://www.evergabe-online.de/tenderdocuments.html?id=890491,https://www.evergabe-online.de/tenderdocuments.html?id=890491
b24c4956-df4a-4280-851f-1a21bc105482,01,LOT-0001,lot,SomeTenderDocID1,non-restricted-document,,https://www.dtvp.de/Satellite/notice/CXP4YF3MPJ7/documents,https://www.dtvp.de/Satellite/notice/CXP4YF3MPJ7/documents
50e20b67-265d-4b6d-a1cc-a2c8cab29bd0,01,LOT-0001,lot,SomeTenderDocID1,non-restricted-document,,https://www.dtvp.de/Satellite/notice/CXP4YHVMPD7/documents,https://www.dtvp.de/Satellite/notice/CXP4YHVMPD7/documents
1077025c-9104-45b0-8184-c7b1e3d129a7,01,LOT-0000,lot,-1,non-restricted-document,,https://www.staatsanzeiger-eservices.de/aJs/EFormsBekVuUrl?z_param=329921,https://www.staatsanzeiger-eservices.de/aJs/EFormsBekVuUrl?z_param=329921
03ddf5d7-0650-411f-a1ac-d0fca9374811,01,LOT-0001,lot,SomeTenderDocID1,non-restricted-document,,https://www.dtvp.de/Satellite/notice/CXP4Y2RM7B6/documents,https://www.dtvp.de/Satellite/notice/CXP4Y2RM7B6/documents
bd7642d8-4463-4602-8602-19e6282d684c,01,LOT-0001,lot,SomeTenderDocID1,non-restricted-document,,https://www.dtvp.de/Satellite/notice/CXP4Y9MMPNJ/documents,https://www.dtvp.de/Satellite/notice/CXP4Y9MMPNJ/documents
6e40078a-968e-4451-a6f9-0066cfea02be,01,LOT-0001,lot,6e40078a-968e-4451-a6f9-0066cfea02be,non-restricted-document,,https://www.deutsche-evergabe.de/dashboards/dashboard_off/6e40078a-968e-4451-a6f9-0066cfea02be,https://www.deutsche-evergabe.de/dashboards/dashboard_off/6e40078a-968e-4451-a6f9-0066cfea02be
d0413b88-e4ff-4670-80a4-bd8c90178d61,01,LOT-0001,lot,SomeTenderDocID1,non-restricted-document,,https://vergabe.niedersachsen.de/Satellite/notice/CXQ6YD9RSD4/documents,https://vergabe.niedersachsen.de/Satellite/notice/CXQ6YD9RSD4/documents
a1922220-370b-4b20-9468-db1dcc39e4e2,01,LOT-0001,lot,av286b64-eu,non-restricted-document,,https://plattform.aumass.de/Veroeffentlichung/av286b64-eu,https://plattform.aumass.de/Veroeffentlichung/av286b64-eu
d8a37cbb-1fd9-4cdc-be92-43d9784ee74e,01,LOT-0001,lot,SomeTenderDocID1,non-restricted-document,,https://www.dtvp.de/Satellite/notice/CXP4YMZMP83/documents,https://www.dtvp.de/Satellite/notice/CXP4YMZMP83/documents
d9f6395a-527b-49cd-a0ec-bf43a062cdf0,01,LOT-0001,lot,329290,non-restricted-document,,https://www.staatsanzeiger-eservices.de/aJs/EFormsBekVuUrl?z_param=329290,https://www.staatsanzeiger-eservices.de/aJs/EFormsBekVuUrl?z_param=329290
41d7ac31-f585-4156-af42-5415f9f2b774,01,LOT-0000,lot,303146,non-restricted-document,,https://www.meinauftrag.rib.de/public/DetailsByPlatformIdAndTenderId/platformId/1/tenderId/303146,https://www.meinauftrag.rib.de/public/DetailsByPlatformIdAndTenderId/platformId/1/tenderId/303146
6b20f242-021d-4a08-8e14-0fc9b29a4e17,01,LOT-0000,lot,TenderDoc,non-restricted-document,,https://www.tender24.de/NetServer/TenderingProcedureDetails?function=_Details&TenderOID=54321-Tender-1a09fabe846-3cae72fd1d4f2dbe,https://www.tender24.de/NetServer/TenderingProcedureDetails?function=_Details&TenderOID=54321-Tender-1a09fabe846-3cae72fd1d4f2dbe
afeff892-c330-4fb8-973c-6b65d1d3c1c1,01,LOT-0001,lot,SomeTenderDocID1,non-restricted-document,,https://www.dtvp.de/Satellite/notice/CXS0YR4DYY8V5RM6/documents,https://www.dtvp.de/Satellite/notice/CXS0YR4DYY8V5RM6/documents
a040d776-b7d8-40d6-81c9-b50e1aa6daeb,01,LOT-0001,lot,entfällt,non-restricted-document,,https://bi-medien.de/ausschreibungsdienste/ausschreibungen/D462814098,https://bi-medien.de/ausschreibungsdienste/ausschreibungen/D462814098
f1c9a3f9-c8d4-42b4-9e98-1838d72567e0,01,LOT-0001,lot,SomeTenderDocID1,non-restricted-document,,https://www.dtvp.de/Satellite/notice/CXVTYYDDYRDC8LKZ/documents,https://www.dtvp.de/Satellite/notice/CXVTYYDDYRDC8LKZ/documents
a98df0ee-02df-4926-a699-f0264bc70ae4,01,LOT-0000,lot,TenderDoc,non-restricted-document,,https://vergabe.bremen.de/NetServer/TenderingProcedureDetails?function=_Details&TenderOID=54321-Tender-19ff0b78d08-7bd361ddde1bcea1,https://vergabe.bremen.de/NetServer/TenderingProcedureDetails?function=_Details&TenderOID=54321-Tender-19ff0b78d08-7bd361ddde1bcea1
2c665769-7e2e-4628-991e-28dcf9c3821a,01,LOT-0000,lot,302734,non-restricted-document,,https://www.meinauftrag.rib.de/public/DetailsByPlatformIdAndTenderId/platformId/1/tenderId/302734,https://www.meinauftrag.rib.de/public/DetailsByPlatformIdAndTenderId/platformId/1/tenderId/302734
d67d21b0-4b54-4ba6-96e2-3b6b23819299,01,LOT-0001,lot,SomeTenderDocID1,non-restricted-document,,https://www.vergabe-westfalen.de/VMPSatellite/notice/CXPWYRELNQS/documents,https://www.vergabe-westfalen.de/VMPSatellite/notice/CXPWYRELNQS/documents
1b85bfe4-fb5b-49bb-84de-474fa2eb9ef5,01,LOT-0001,lot,SomeTenderDocID1,non-restricted-document,,https://www.dtvp.de/Satellite/notice/CXP4YMEMPN0/documents,https://www.dtvp.de/Satellite/notice/CXP4YMEMPN0/documents
adbbb2a3-a548-485c-b584-b649f0cff1b3,01,LOT-0000,lot,TenderDoc,non-restricted-document,,https://vergabe.bremen.de/NetServer/TenderingProcedureDetails?function=_Details&TenderOID=54321-Tender-1a0616d82d2-3ba8e43df93a1960,https://vergabe.bremen.de/NetServer/TenderingProcedureDetails?function=_Details&TenderOID=54321-Tender-1a0616d82d2-3ba8e43df93a1960
358aa36b-0b4d-406d-b3f0-3823146a9ea6,01,LOT-0001,lot,LOT-0001,non-restricted-document,,https://plattform.aumass.de/Veroeffentlichung/av284b57-eu,https://plattform.aumass.de/Veroeffentlichung/av284b57-eu
005970e4-fa83-4d72-b88d-6b8acfe47c4a,01,LOT-0000,lot,TenderDoc,non-restricted-document,,https://vergabe.bremen.de/NetServer/TenderingProcedureDetails?function=_Details&TenderOID=54321-Tender-1a06104565f-50b2fdecf1ed4a59,https://vergabe.bremen.de/NetServer/TenderingProcedureDetails?function=_Details&TenderOID=54321-Tender-1a06104565f-50b2fdecf1ed4a59
125814cb-3fd3-45fb-8ee4-1940fc409986,01,LOT-0001,lot,SomeTenderDocID1,non-restricted-document,,https://www.dtvp.de/Satellite/notice/CXP4YA2MPS2/documents,https://www.dtvp.de/Satellite/notice/CXP4YA2MPS2/documents
5136b73e-1a8c-4623-ba6e-68446d10b433,01,LOT-0000,lot,TenderDoc,non-restricted-document,,https://www.deutsches-ausschreibungsblatt.de/VN/X-VGWIL-2026-0071,https://www.deutsches-ausschreibungsblatt.de/VN/X-VGWIL-2026-0071
615b5280-a5cf-40f2-b7b9-3da4726c7de4,01,LOT-0000,lot,TenderDoc,non-restricted-document,,https://www.deutsches-ausschreibungsblatt.de/VN/X-VGWIL-2026-0072,https://www.deutsches-ausschreibungsblatt.de/VN/X-VGWIL-2026-0072
01a0a39a-b1ce-41e2-a40e-d2a19840eef3,01,LOT-0001,lot,n/a,non-restricted-document,,https://www.evergabe.de/unterlagen/01a0a398-4eb3-49b9-97d0-539cef6a757c/zustellweg-auswaehlen,https://www.evergabe.de/unterlagen/01a0a398-4eb3-49b9-97d0-539cef6a757c/zustellweg-auswaehlen
37ef6440-39ad-4711-b6d8-50cd3e259338,01,LOT-0001,lot,SomeTenderDocID1,non-restricted-document,,https://vergabemarktplatz.brandenburg.de/VMPSatellite/notice/CXP9YB2HXJC/documents,https://vergabemarktplatz.brandenburg.de/VMPSatellite/notice/CXP9YB2HXJC/documents
b66086b4-5a0c-43e5-beff-d9e5bd9b4747,01,LOT-0001,lot,b66086b4-5a0c-43e5-beff-d9e5bd9b4747,non-restricted-document,,https://www.deutsche-evergabe.de/dashboards/dashboard_off/b66086b4-5a0c-43e5-beff-d9e5bd9b4747,https://www.deutsche-evergabe.de/dashboards/dashboard_off/b66086b4-5a0c-43e5-beff-d9e5bd9b4747
bdb7cd0f-27a9-49e6-be6e-c80723885512,01,LOT-0000,lot,TenderDoc,non-restricted-document,,https://vergabeplattform.stadt-koeln.de/NetServer/TenderingProcedureDetails?function=_Details&TenderOID=54321-Tender-19f1383e88b-5abcf26144043661&,https://vergabeplattform.stadt-koeln.de/NetServer/TenderingProcedureDetails?function=_Details&TenderOID=54321-Tender-19f1383e88b-5abcf26144043661&
7d14c033-c833-4b40-8efc-e2ed271a3c3d,01,LOT-0000,lot,TenderDoc,non-restricted-document,,https://www.deutsches-ausschreibungsblatt.de/VN/X-VGWIL-2026-0070,https://www.deutsches-ausschreibungsblatt.de/VN/X-VGWIL-2026-0070
9d83ea1f-2e6a-4af3-9974-0b8a7823c726,01,LOT-0000,lot,TenderDoc,non-restricted-document,,https://www.deutsches-ausschreibungsblatt.de/VN/X-VGWIL-2026-0069,https://www.deutsches-ausschreibungsblatt.de/VN/X-VGWIL-2026-0069
741f8574-9ba3-434b-bf87-42f565cdff51,01,LOT-0000,lot,121016633,non-restricted-document,,https://www.meinauftrag.rib.de/public/DetailsByPlatformIdAndTenderId/platformId/7/tenderId/121016633,https://www.meinauftrag.rib.de/public/DetailsByPlatformIdAndTenderId/platformId/7/tenderId/121016633
85c9a7bb-cf66-405a-93c9-50857968cd15,01,LOT-0000,lot,TenderDoc,non-restricted-document,,https://www.vergabe24.de/vergabeunterlagen/54321-Tender-1a0a3e01455-17bd227848a21d60,https://www.vergabe24.de/vergabeunterlagen/54321-Tender-1a0a3e01455-17bd227848a21d60
77b9119d-d72d-4bca-adc2-6341ef20117a,01,LOT-0000,lot,TenderDoc,non-restricted-document,,https://vergabe.landbw.de/NetServer/PublicationControllerServlet?function=Detail&TWOID=54321-Tender-19fcd062b8d-270a0c2e4b9c0e6f,https://vergabe.landbw.de/NetServer/PublicationControllerServlet?function=Detail&TWOID=54321-Tender-19fcd062b8d-270a0c2e4b9c0e6f
abadc72a-717a-45fc-9044-e7eb3dad334a,01,LOT-0001,lot,SomeTenderDocID1,non-restricted-document,,https://www.dtvp.de/Satellite/notice/CXP4Y43MP08/documents,https://www.dtvp.de/Satellite/notice/CXP4Y43MP08/documents
3b62235d-ca80-4e03-9c3e-297de871fe80,01,LOT-0001,lot,SomeTenderDocID1,non-restricted-document,,https://vergabemarktplatz.brandenburg.de/VMPSatellite/notice/CXP9YCRHXHC/documents,https://vergabemarktplatz.brandenburg.de/VMPSatellite/notice/CXP9YCRHXHC/documents
3084e989-acb5-4689-8ebb-6bf0ad8e0903,01,LOT-0001,lot,01-3812.02,non-restricted-document,,https://plattform.aumass.de/Veroeffentlichung/av284a81-eu,https://plattform.aumass.de/Veroeffentlichung/av284a81-eu
07e2fa36-a8c8-4b6b-94d1-b5ec715848fc,01,LOT-0000,lot,152133,non-restricted-document,,https://www.meinauftrag.rib.de/public/DetailsByPlatformIdAndTenderId/platformId/3/tenderId/152133,https://www.meinauftrag.rib.de/public/DetailsByPlatformIdAndTenderId/platformId/3/tenderId/152133
10b4365a-23af-4cbd-874f-5faa960c37e5,01,LOT-0001,lot,SomeTenderDocID1,non-restricted-document,,https://www.dtvp.de/Satellite/notice/CXP4YMEMPNF/documents,https://www.dtvp.de/Satellite/notice/CXP4YMEMPNF/documents
2d885c65-7f8d-466b-ae79-a214d09abef4,01,LOT-0000,lot,TenderDoc,non-restricted-document,,https://www.vergabe24.de/vergabeunterlagen/54321-Tender-19cc2c491be-7b53c9361f9d722f,https://www.vergabe24.de/vergabeunterlagen/54321-Tender-19cc2c491be-7b53c9361f9d722f
78a13158-21b8-4927-8497-55f095cffba6,01,LOT-0001,lot,E46285987,non-restricted-document,,https://www.subreport.de/E46285987,https://www.subreport.de/E46285987
37cdd9a6-65fb-4c7d-b7f5-ad7c7befc670,01,LOT-0001,lot,av264fda-eu,non-restricted-document,,https://plattform.aumass.de/Veroeffentlichung/av286ae2-eu,https://plattform.aumass.de/Veroeffentlichung/av286ae2-eu
46d59055-2d6b-4dd0-8259-86b3ae67397c,01,LOT-0000,lot,210336,non-restricted-document,,https://www.meinauftrag.rib.de/public/DetailsByPlatformIdAndTenderId/platformId/2/tenderId/210336,https://www.meinauftrag.rib.de/public/DetailsByPlatformIdAndTenderId/platformId/2/tenderId/210336
3eb98c24-107b-4db4-9bc7-13790e23b295,01,LOT-0001,lot,SomeTenderDocID1,non-restricted-document,,https://www.dtvp.de/Satellite/notice/CXP4YMZMPG9/documents,https://www.dtvp.de/Satellite/notice/CXP4YMZMPG9/documents
4d70dd3a-19b8-45bb-8fe1-cc4dbf9f9bc0,01,LOT-0001,lot,av286b62-eu,non-restricted-document,,https://plattform.aumass.de/Veroeffentlichung/av286b62-eu,https://plattform.aumass.de/Veroeffentlichung/av286b62-eu
2127b926-d426-4e4b-903f-6ca78cf49240,01,LOT-0000,lot,TenderDoc,non-restricted-document,,https://vergabe.landbw.de/NetServer/PublicationControllerServlet?function=Detail&TWOID=54321-Tender-19fcd90104e-2fe5dfcad143b70c,https://vergabe.landbw.de/NetServer/PublicationControllerServlet?function=Detail&TWOID=54321-Tender-19fcd90104e-2fe5dfcad143b70c
b5167006-df6c-4516-b249-954d8e8f3df2,01,LOT-0000,lot,TenderDoc,non-restricted-document,,https://www.vergabe24.de/vergabeunterlagen/54321-Tender-1a0a4a3bf04-27b46f55001d5467,https://www.vergabe24.de/vergabeunterlagen/54321-Tender-1a0a4a3bf04-27b46f55001d5467
74213ead-8e86-41f8-b1d4-eff6c6ab222a,01,LOT-0001,lot,SomeTenderDocID1,non-restricted-document,,https://www.dtvp.de/Satellite/notice/CXP4YQLMP5E/documents,https://www.dtvp.de/Satellite/notice/CXP4YQLMP5E/documents
58ff65ad-ad0d-43da-9705-373a3e18d3db,01,LOT-0000,lot,TenderDoc,non-restricted-document,,https://xvergabe.de/NetServer/TenderingProcedureDetails?function=_Details&TenderOID=54321-Tender-1a0a444ee81-2b109fa8918c883b&,https://xvergabe.de/NetServer/TenderingProcedureDetails?function=_Details&TenderOID=54321-Tender-1a0a444ee81-2b109fa8918c883b&
c76203cb-e304-450e-ab70-f351183aeb21,01,LOT-0000,lot,TenderDoc,non-restricted-document,,https://www.had.de/NetServer/TenderingProcedureDetails?function=_Details&TenderOID=54321-Tender-1a09fc38aab-5a47fbee874d2ce,https://www.had.de/NetServer/TenderingProcedureDetails?function=_Details&TenderOID=54321-Tender-1a09fc38aab-5a47fbee874d2ce
81db0040-7ed0-434a-947e-7113d2568512,01,LOT-0001,lot,874459-1,non-restricted-document,,https://www.evergabe-online.de/tenderdocuments.html?id=874459,https://www.evergabe-online.de/tenderdocuments.html?id=874459
470072e8-59d4-460e-83d7-7ef747d9690f,01,LOT-0001,lot,SomeTenderDocID1,non-restricted-document,,https://www.dtvp.de/Satellite/notice/CXVHYHZDYD9U9TJF/documents,https://www.dtvp.de/Satellite/notice/CXVHYHZDYD9U9TJF/documents
c3a9b49a-2f04-4f8c-8eb2-c8341bbafabe,01,LOT-0000,lot,300643,non-restricted-document,,https://www.meinauftrag.rib.de/public/DetailsByPlatformIdAndTenderId/platformId/1/tenderId/300643,https://www.meinauftrag.rib.de/public/DetailsByPlatformIdAndTenderId/platformId/1/tenderId/300643
ad444921-a025-4950-b270-afc0dd34dd39,01,LOT-0000,lot,TenderDoc,non-restricted-document,,https://www.vergabe24.de/vergabeunterlagen/54321-Tender-1a0191e3bba-52fc2333f69a39ca,https://www.vergabe24.de/vergabeunterlagen/54321-Tender-1a0191e3bba-52fc2333f69a39ca
b86b2a2d-f22f-4843-9c9e-47873e5a5838,01,LOT-0000,lot,TenderDoc,non-restricted-document,,https://vergabe.bremen.de/NetServer/TenderingProcedureDetails?function=_Details&TenderOID=54321-Tender-19c66a3e072-215a8cc75790468f,https://vergabe.bremen.de/NetServer/TenderingProcedureDetails?function=_Details&TenderOID=54321-Tender-19c66a3e072-215a8cc75790468f
5d148dca-836a-4cbe-8ad5-ef933ebbaa3b,01,LOT-0001,lot,-1,restricted-document,,www.ariba.com,https://www.ariba.com
5d148dca-836a-4cbe-8ad5-ef933ebbaa3b,01,LOT-0002,lot,-2,restricted-document,,www.ariba.com,https://www.ariba.com
5d148dca-836a-4cbe-8ad5-ef933ebbaa3b,01,LOT-0003,lot,-3,restricted-document,,www.ariba.com,https://www.ariba.com
5d148dca-836a-4cbe-8ad5-ef933ebbaa3b,01,LOT-0004,lot,-4,restricted-document,,www.ariba.com,https://www.ariba.com
5d148dca-836a-4cbe-8ad5-ef933ebbaa3b,01,LOT-0005,lot,-5,restricted-document,,www.ariba.com,https://www.ariba.com
5d148dca-836a-4cbe-8ad5-ef933ebbaa3b,01,LOT-0006,lot,-6,restricted-document,,www.ariba.com,https://www.ariba.com
8ec97d74-8d96-4e6a-a0e8-c75d7647570b,01,LOT-0001,lot,a199e8f1-dbc7-4295-be0f-6a512367bc68,non-restricted-document,,https://bieterportal.noncd.db.de/evergabe.bieter/api/supplier/external/deeplink/subproject/a199e8f1-dbc7-4295-be0f-6a512367bc68,https://bieterportal.noncd.db.de/evergabe.bieter/api/supplier/external/deeplink/subproject/a199e8f1-dbc7-4295-be0f-6a512367bc68
8ec97d74-8d96-4e6a-a0e8-c75d7647570b,01,LOT-0002,lot,a199e8f1-dbc7-4295-be0f-6a512367bc68,non-restricted-document,,https://bieterportal.noncd.db.de/evergabe.bieter/api/supplier/external/deeplink/subproject/a199e8f1-dbc7-4295-be0f-6a512367bc68,https://bieterportal.noncd.db.de/evergabe.bieter/api/supplier/external/deeplink/subproject/a199e8f1-dbc7-4295-be0f-6a512367bc68
8ec97d74-8d96-4e6a-a0e8-c75d7647570b,01,LOT-0003,lot,a199e8f1-dbc7-4295-be0f-6a512367bc68,non-restricted-document,,https://bieterportal.noncd.db.de/evergabe.bieter/api/supplier/external/deeplink/subproject/a199e8f1-dbc7-4295-be0f-6a512367bc68,https://bieterportal.noncd.db.de/evergabe.bieter/api/supplier/external/deeplink/subproject/a199e8f1-dbc7-4295-be0f-6a512367bc68
8ec97d74-8d96-4e6a-a0e8-c75d7647570b,01,LOT-0004,lot,a199e8f1-dbc7-4295-be0f-6a512367bc68,non-restricted-document,,https://bieterportal.noncd.db.de/evergabe.bieter/api/supplier/external/deeplink/subproject/a199e8f1-dbc7-4295-be0f-6a512367bc68,https://bieterportal.noncd.db.de/evergabe.bieter/api/supplier/external/deeplink/subproject/a199e8f1-dbc7-4295-be0f-6a512367bc68
90f332ed-04ca-467f-9af8-5e6e8e9ac165,01,LOT-0000,lot,TenderDoc,non-restricted-document,,https://www.had.de/NetServer/TenderingProcedureDetails?function=_Details&TenderOID=54321-Tender-1a0a437b98d-61cbc5de235f3c4d,https://www.had.de/NetServer/TenderingProcedureDetails?function=_Details&TenderOID=54321-Tender-1a0a437b98d-61cbc5de235f3c4d
e9684303-556d-4be9-b2f7-525e90f7aa61,01,LOT-0001,lot,SomeTenderDocID1,non-restricted-document,,https://www.dtvp.de/Satellite/notice/CXP4YCJMPGK/documents,https://www.dtvp.de/Satellite/notice/CXP4YCJMPGK/documents
b6497276-a5eb-4c66-ac56-f86604960788,01,LOT-0001,lot,SomeTenderDocID1,non-restricted-document,,https://www.vergabe.metropoleruhr.de/VMPSatellite/notice/CXPSYYSDQT9/documents,https://www.vergabe.metropoleruhr.de/VMPSatellite/notice/CXPSYYSDQT9/documents
01a0a444-1c07-471e-b755-941f4becd2ee,01,LOT-0001,lot,n/a,non-restricted-document,,https://www.evergabe.de/unterlagen/019ff4a0-b177-4cf0-a0fe-3e22056c76fd/zustellweg-auswaehlen,https://www.evergabe.de/unterlagen/019ff4a0-b177-4cf0-a0fe-3e22056c76fd/zustellweg-auswaehlen
1594f91b-44f6-456a-a325-ad98833404bc,01,LOT-0000,lot,TenderDoc,non-restricted-document,,https://www.had.de/NetServer/TenderingProcedureDetails?function=_Details&TenderOID=54321-Tender-1a0a42b7430-6e14df28dbc1b9e4,https://www.had.de/NetServer/TenderingProcedureDetails?function=_Details&TenderOID=54321-Tender-1a0a42b7430-6e14df28dbc1b9e4
dc92350b-924f-472a-8ea4-53cee8ca4be7,01,LOT-0001,lot,a0e6c56b-ceda-49e2-8241-26f8c51bdb97,non-restricted-document,,https://www.deutsche-evergabe.de/dashboards/dashboard_off/a0e6c56b-ceda-49e2-8241-26f8c51bdb97,https://www.deutsche-evergabe.de/dashboards/dashboard_off/a0e6c56b-ceda-49e2-8241-26f8c51bdb97
8850e2ed-8211-4877-8ce3-ab6cabf3515f,01,LOT-0001,lot,SomeTenderDocID1,non-restricted-document,,https://www.vmp-rheinland.de/VMPSatellite/notice/CXVHYYRYT1NRR9K2/documents,https://www.vmp-rheinland.de/VMPSatellite/notice/CXVHYYRYT1NRR9K2/documents
625720a2-3dcb-4a88-b391-48aa63d0a10f,01,LOT-0001,lot,SomeTenderDocID1,non-restricted-document,,https://www.vergabe.metropoleruhr.de/VMPSatellite/notice/CXPSYYSDQTK/documents,https://www.vergabe.metropoleruhr.de/VMPSatellite/notice/CXPSYYSDQTK/documents
2f3259ec-494a-445b-8973-8e88ea4d982b,01,LOT-0000,lot,TenderDoc,non-restricted-document,,https://www.vergabe24.de/vergabeunterlagen/54321-Tender-1a0a4241390-32486556868ce0a4,https://www.vergabe24.de/vergabeunterlagen/54321-Tender-1a0a4241390-32486556868ce0a4
8d4a29da-6d95-436d-a0f7-26429bbf0f10,01,LOT-0001,lot,1d40e016-a60d-4d29-bbb5-6d9cedba07ad,non-restricted-document,,https://bieterportal.noncd.db.de/evergabe.bieter/api/supplier/external/deeplink/subproject/1d40e016-a60d-4d29-bbb5-6d9cedba07ad,https://bieterportal.noncd.db.de/evergabe.bieter/api/supplier/external/deeplink/subproject/1d40e016-a60d-4d29-bbb5-6d9cedba07ad
8d4a29da-6d95-436d-a0f7-26429bbf0f10,01,LOT-0002,lot,1d40e016-a60d-4d29-bbb5-6d9cedba07ad,non-restricted-document,,https://bieterportal.noncd.db.de/evergabe.bieter/api/supplier/external/deeplink/subproject/1d40e016-a60d-4d29-bbb5-6d9cedba07ad,https://bieterportal.noncd.db.de/evergabe.bieter/api/supplier/external/deeplink/subproject/1d40e016-a60d-4d29-bbb5-6d9cedba07ad
8d4a29da-6d95-436d-a0f7-26429bbf0f10,01,LOT-0003,lot,1d40e016-a60d-4d29-bbb5-6d9cedba07ad,non-restricted-document,,https://bieterportal.noncd.db.de/evergabe.bieter/api/supplier/external/deeplink/subproject/1d40e016-a60d-4d29-bbb5-6d9cedba07ad,https://bieterportal.noncd.db.de/evergabe.bieter/api/supplier/external/deeplink/subproject/1d40e016-a60d-4d29-bbb5-6d9cedba07ad
915313db-1a99-4a68-802f-f0707033240b,01,LOT-0000,lot,TenderDoc,non-restricted-document,,https://ausschreibung.halle.de/NetServer/TenderingProcedureDetails?function=_Details&TenderOID=54321-Tender-1a09f3b3721-3c4c6ef00bda6e7a,https://ausschreibung.halle.de/NetServer/TenderingProcedureDetails?function=_Details&TenderOID=54321-Tender-1a09f3b3721-3c4c6ef00bda6e7a
ed6675ff-7b24-4be8-8fe8-77d6714633f2,01,LOT-0001,lot,SomeTenderDocID1,non-restricted-document,,https://www.dtvp.de/Satellite/notice/CXP4YA2M3FN/documents,https://www.dtvp.de/Satellite/notice/CXP4YA2M3FN/documents
09b85bf3-4637-4ffe-b72a-f4a851f18c50,01,LOT-0000,lot,TenderDoc,non-restricted-document,,https://www.vergabe24.de/vergabeunterlagen/54321-Tender-1a0a43f75d2-5d651fb2a19cfef0,https://www.vergabe24.de/vergabeunterlagen/54321-Tender-1a0a43f75d2-5d651fb2a19cfef0
f9dc1e05-3689-41bc-b82b-4ebe5fc1ffb5,01,LOT-0001,lot,330073,non-restricted-document,,https://www.staatsanzeiger-eservices.de/aJs/EFormsBekVuUrl?z_param=330073,https://www.staatsanzeiger-eservices.de/aJs/EFormsBekVuUrl?z_param=330073
5cff7c10-1e0e-4abe-8f0b-b6345a1362a0,01,LOT-0000,lot,303231,non-restricted-document,,https://www.meinauftrag.rib.de/public/DetailsByPlatformIdAndTenderId/platformId/1/tenderId/303231,https://www.meinauftrag.rib.de/public/DetailsByPlatformIdAndTenderId/platformId/1/tenderId/303231
50d1e5cc-c1ae-45b5-a685-505c1595d0c8,01,LOT-0000,lot,TenderDoc,non-restricted-document,,https://www.vergabe24.de/vergabeunterlagen/54321-Tender-1a0a4960f7d-71082e850831fb80,https://www.vergabe24.de/vergabeunterlagen/54321-Tender-1a0a4960f7d-71082e850831fb80
a9cb14a8-596e-478a-a3e9-d94670549370,01,LOT-0000,lot,TenderDoc,non-restricted-document,,https://www.vergabe24.de/vergabeunterlagen/54321-Tender-1a0a4856418-519ade92182ead39,https://www.vergabe24.de/vergabeunterlagen/54321-Tender-1a0a4856418-519ade92182ead39
44c726f4-e15d-43d3-84a5-0ceb2ecbff2a,01,LOT-0000,lot,TenderDoc,non-restricted-document,,https://www.vergabe24.de/vergabeunterlagen/54321-Tender-1a0a470f32b-4bd5ca3d886c8f1e,https://www.vergabe24.de/vergabeunterlagen/54321-Tender-1a0a470f32b-4bd5ca3d886c8f1e
24f04cdc-1d87-4457-9ca5-1dfd450fe67b,01,LOT-0001,lot,36e02aae-2257-4f8b-9445-b950c0e2c844,non-restricted-document,,https://bieterzugang.deutsche-evergabe.de/evergabe.bieter/api/supplier/external/deeplink/subproject/36e02aae-2257-4f8b-9445-b950c0e2c844,https://bieterzugang.deutsche-evergabe.de/evergabe.bieter/api/supplier/external/deeplink/subproject/36e02aae-2257-4f8b-9445-b950c0e2c844
4a448abd-7f1f-4052-987f-f9aea3df2fb9,01,LOT-0001,lot,SomeTenderDocID1,non-restricted-document,,https://www.vergabe.metropoleruhr.de/VMPSatellite/notice/CXPSYYSDQ7E/documents,https://www.vergabe.metropoleruhr.de/VMPSatellite/notice/CXPSYYSDQ7E/documents
d62756f0-2007-4111-b118-e5f44c943b18,01,LOT-0001,lot,ARC_ 3802- Stahlbauarbeiten Übungsturm,non-restricted-document,,https://plattform.aumass.de/Veroeffentlichung/av283292-eu,https://plattform.aumass.de/Veroeffentlichung/av283292-eu
bb722a54-0ab3-4fed-ab47-3f00b6ada783,01,LOT-0001,lot,bb722a54-0ab3-4fed-ab47-3f00b6ada783,non-restricted-document,,https://www.deutsche-evergabe.de/dashboards/dashboard_off/bb722a54-0ab3-4fed-ab47-3f00b6ada783,https://www.deutsche-evergabe.de/dashboards/dashboard_off/bb722a54-0ab3-4fed-ab47-3f00b6ada783
5f734b5e-89a1-4d03-87e5-eb2f15ad7a35,01,LOT-0001,lot,5f734b5e-89a1-4d03-87e5-eb2f15ad7a35,non-restricted-document,,https://www.deutsche-evergabe.de/dashboards/dashboard_off/5f734b5e-89a1-4d03-87e5-eb2f15ad7a35,https://www.deutsche-evergabe.de/dashboards/dashboard_off/5f734b5e-89a1-4d03-87e5-eb2f15ad7a35
719c0678-a8c7-4e34-9073-1ea5837a8f61,01,LOT-0000,lot,TenderDoc,non-restricted-document,,https://www.vergabe24.de/vergabeunterlagen/54321-Tender-1a0a431c7b5-1af5818bbcf8b2e4,https://www.vergabe24.de/vergabeunterlagen/54321-Tender-1a0a431c7b5-1af5818bbcf8b2e4
cb4cb836-775d-4166-864b-3717c808efc8,01,LOT-0001,lot,e4d28c47-d51a-4d97-be72-1327ac2ba35d,non-restricted-document,,https://www.deutsche-evergabe.de/dashboards/dashboard_off/e4d28c47-d51a-4d97-be72-1327ac2ba35d,https://www.deutsche-evergabe.de/dashboards/dashboard_off/e4d28c47-d51a-4d97-be72-1327ac2ba35d
f44ac8af-3eef-4a35-9414-dfa76e528ad8,01,LOT-0000,lot,TenderDoc,non-restricted-document,,https://vergabe.autobahn.de/NetServer/TenderingProcedureDetails?function=_Details&TenderOID=54321-Tender-1a08b0a7d3f-2f9294bab9d30571,https://vergabe.autobahn.de/NetServer/TenderingProcedureDetails?function=_Details&TenderOID=54321-Tender-1a08b0a7d3f-2f9294bab9d30571
fab52f0b-58ae-47ed-bbbc-1d3829b47040,01,LOT-0000,lot,TenderDoc,non-restricted-document,,https://www.vergabe24.de/vergabeunterlagen/54321-Tender-19f6aeb8e71-124c79e7d04206d0,https://www.vergabe24.de/vergabeunterlagen/54321-Tender-19f6aeb8e71-124c79e7d04206d0
b34d0781-ea79-41ab-9907-370f83e79047,01,LOT-0001,lot,e353b4e5-ee37-405e-ae99-c4a69514611a,non-restricted-document,,https://fbhh-evergabe.web.hamburg.de/evergabe.bieter/api/supplier/external/deeplink/subproject/e353b4e5-ee37-405e-ae99-c4a69514611a,https://fbhh-evergabe.web.hamburg.de/evergabe.bieter/api/supplier/external/deeplink/subproject/e353b4e5-ee37-405e-ae99-c4a69514611a
ff2ff8ed-94f5-47d4-9a40-d6363f5f5c5e,01,LOT-0000,lot,TenderDoc,non-restricted-document,,https://www.sachsen-vergabe.de/NetServer/PublicationControllerServlet?function=Detail&TWOID=54321-Tender-1a09e5b52ff-2d1ce69c775a8c91&PublicationType=0,https://www.sachsen-vergabe.de/NetServer/PublicationControllerServlet?function=Detail&TWOID=54321-Tender-1a09e5b52ff-2d1ce69c775a8c91&PublicationType=0
3ee3ffd5-8ec5-4510-b21e-a9c074591fec,01,LOT-0000,lot,TenderDoc,non-restricted-document,,https://www.vergabe24.de/vergabeunterlagen/54321-Tender-1a0a45c8c1e-21f696285c9d09e8,https://www.vergabe24.de/vergabeunterlagen/54321-Tender-1a0a45c8c1e-21f696285c9d09e8
a5670d06-f5c1-44a2-b02e-d00fe844880e,01,LOT-0000,lot,300226,non-restricted-document,,https://www.meinauftrag.rib.de/public/DetailsByPlatformIdAndTenderId/platformId/1/tenderId/300226,https://www.meinauftrag.rib.de/public/DetailsByPlatformIdAndTenderId/platformId/1/tenderId/300226
e4d3e324-99ba-4975-82a6-24cd59e5aec6,01,LOT-0000,lot,TenderDoc,non-restricted-document,,https://www.evergabe.de/unterlagen/54321-Tender-1a09f09409d-239a746fc00e63a4,https://www.evergabe.de/unterlagen/54321-Tender-1a09f09409d-239a746fc00e63a4
7576de88-72a4-4142-9bc0-0348aef4d44f,01,LOT-0001,lot,cb6e5ba2-35d4-47fc-aace-9637774a3b3f,non-restricted-document,,https://bieterzugang.deutsche-evergabe.de/evergabe.bieter/api/supplier/external/deeplink/subproject/cb6e5ba2-35d4-47fc-aace-9637774a3b3f,https://bieterzugang.deutsche-evergabe.de/evergabe.bieter/api/supplier/external/deeplink/subproject/cb6e5ba2-35d4-47fc-aace-9637774a3b3f
c454fa91-86f5-4f3c-9109-a3bc53e13198,01,LOT-0000,lot,TenderDoc,non-restricted-document,,https://www.sachsen-vergabe.de/NetServer/PublicationControllerServlet?function=Detail&TWOID=54321-Tender-19feaf51ee5-68737aa0a96c12a2&PublicationType=0,https://www.sachsen-vergabe.de/NetServer/PublicationControllerServlet?function=Detail&TWOID=54321-Tender-19feaf51ee5-68737aa0a96c12a2&PublicationType=0
3fdeb952-ef6e-40e5-a887-a7e2b7cf662f,01,LOT-0001,lot,SomeTenderDocID1,non-restricted-document,,https://vergabe.niedersachsen.de/Satellite/notice/CXVHYHUDYR5417QT/documents,https://vergabe.niedersachsen.de/Satellite/notice/CXVHYHUDYR5417QT/documents
2a55e205-4e71-40a0-ac8c-75e8bb465205,01,LOT-0001,lot,SomeTenderDocID1,non-restricted-document,,https://www.dtvp.de/Satellite/notice/CXP4Y4LM86N/documents,https://www.dtvp.de/Satellite/notice/CXP4Y4LM86N/documents
97342522-2e60-41ee-b63e-7fd68f818a0c,01,LOT-0001,lot,SomeTenderDocID1,non-restricted-document,,https://www.evergabe.nrw.de/VMPSatellite/notice/CXS0YYJDYYFYQD6S/documents,https://www.evergabe.nrw.de/VMPSatellite/notice/CXS0YYJDYYFYQD6S/documents
75a604da-489d-4c11-8fa6-c21c913fafa8,01,LOT-0001,lot,SomeTenderDocID1,non-restricted-document,,https://www.dtvp.de/Satellite/notice/CXP4YW6MQWH/documents,https://www.dtvp.de/Satellite/notice/CXP4YW6MQWH/documents
48badf3d-488b-4187-a932-53f825f535a7,01,LOT-0000,lot,300377,non-restricted-document,,https://www.meinauftrag.rib.de/public/DetailsByPlatformIdAndTenderId/platformId/1/tenderId/300377,https://www.meinauftrag.rib.de/public/DetailsByPlatformIdAndTenderId/platformId/1/tenderId/300377
655042ea-1acb-49b4-af80-c050e20f7f66,01,LOT-0001,lot,7fea2908-d437-46f2-88ee-13abe2e053a8,non-restricted-document,,https://www.deutsche-evergabe.de/dashboards/dashboard_off/7fea2908-d437-46f2-88ee-13abe2e053a8,https://www.deutsche-evergabe.de/dashboards/dashboard_off/7fea2908-d437-46f2-88ee-13abe2e053a8
c0fea23b-3299-4f7d-81f9-bd0dbeff808f,01,LOT-0000,lot,TenderDoc,non-restricted-document,,https://www.evergabe.de/unterlagen/54321-Tender-19f5f9578cc-6e4d885702430e4c,https://www.evergabe.de/unterlagen/54321-Tender-19f5f9578cc-6e4d885702430e4c
ef80485e-9b72-4f69-8fac-b1ca556c920b,01,LOT-0001,lot,SomeTenderDocID1,non-restricted-document,,https://evergabe.bundesverkehrsverwaltung.de/VMPSatellite/notice/CXWSYYLDYY88JXNC/documents,https://evergabe.bundesverkehrsverwaltung.de/VMPSatellite/notice/CXWSYYLDYY88JXNC/documents
2fef9971-9508-4941-98cb-7c449a31e82e,01,LOT-0000,lot,TenderDoc,non-restricted-document,,https://www.had.de/NetServer/TenderingProcedureDetails?function=_Details&TenderOID=54321-Tender-1a0a4ffb8f6-14bd139b452ace8e,https://www.had.de/NetServer/TenderingProcedureDetails?function=_Details&TenderOID=54321-Tender-1a0a4ffb8f6-14bd139b452ace8e
846aa4fb-948a-48cf-9b6f-0b9d5add1ffa,05,LOT-0000,lot,887417-1,restricted-document,,https://www.evergabe-online.de/tenderdetails.html?id=887417,https://www.evergabe-online.de/tenderdetails.html?id=887417
ed9237f6-d2c2-4613-be5a-13617329b435,02,LOT-0001,lot,30752eda-cfe8-4445-9cd4-9cec8db11ff0,non-restricted-document,,https://www.deutsche-evergabe.de/dashboards/dashboard_off/30752eda-cfe8-4445-9cd4-9cec8db11ff0,https://www.deutsche-evergabe.de/dashboards/dashboard_off/30752eda-cfe8-4445-9cd4-9cec8db11ff0
9c08a1ab-83d4-49e8-a1d2-0cba0d37ceaa,01,LOT-0001,lot,90cc2489-90ce-4ab1-b0d2-cb2ba981a8a0,non-restricted-document,,https://www.deutsche-evergabe.de/dashboards/dashboard_off/90cc2489-90ce-4ab1-b0d2-cb2ba981a8a0,https://www.deutsche-evergabe.de/dashboards/dashboard_off/90cc2489-90ce-4ab1-b0d2-cb2ba981a8a0
f7488eee-a1ed-4f47-b78a-a9219f06abe3,1,LOT-0000,lot,No ID,non-restricted-document,,https://www.evergabe-online.de/tenderdetails.html?id=890905,https://www.evergabe-online.de/tenderdetails.html?id=890905
25826982,1,LOT-0000,lot,25826982,non-restricted-document,,https://bieterportal.noncd.db.de/evergabe.bieter/api/supplier/external/deeplink/subproject/fb3dbf59-7289-4d00-ad0b-4406c1b53c8e,https://bieterportal.noncd.db.de/evergabe.bieter/api/supplier/external/deeplink/subproject/fb3dbf59-7289-4d00-ad0b-4406c1b53c8e
25818322,2,LOT-0000,lot,25818322,non-restricted-document,,https://www.subreport-elvis.de/download/bund/E42856383/1789452372327/bekanntmachung.pdf,https://www.subreport-elvis.de/download/bund/E42856383/1789452372327/bekanntmachung.pdf
25822876,1,LOT-0000,lot,25822876,non-restricted-document,,https://www.subreport-elvis.de/download/bund/E46952259/1789461746542/bekanntmachung.pdf,https://www.subreport-elvis.de/download/bund/E46952259/1789461746542/bekanntmachung.pdf
25822880,1,LOT-0000,lot,25822880,non-restricted-document,,https://www.subreport-elvis.de/download/bund/E18932587/1789463171061/bekanntmachung.pdf,https://www.subreport-elvis.de/download/bund/E18932587/1789463171061/bekanntmachung.pdf
25822884,1,LOT-0000,lot,25822884,non-restricted-document,,https://www.subreport-elvis.de/download/bund/E72873543/1789463622062/bekanntmachung.pdf,https://www.subreport-elvis.de/download/bund/E72873543/1789463622062/bekanntmachung.pdf
25822892,1,LOT-0000,lot,25822892,non-restricted-document,,https://www.subreport-elvis.de/download/bund/E62153144/1789464244688/bekanntmachung.pdf,https://www.subreport-elvis.de/download/bund/E62153144/1789464244688/bekanntmachung.pdf
25822900,1,LOT-0000,lot,25822900,non-restricted-document,,https://www.subreport-elvis.de/download/bund/E85685344/1789466926849/bekanntmachung.pdf,https://www.subreport-elvis.de/download/bund/E85685344/1789466926849/bekanntmachung.pdf
25822904,1,LOT-0000,lot,25822904,non-restricted-document,,https://www.subreport-elvis.de/download/bund/E29854216/1789470012229/bekanntmachung.pdf,https://www.subreport-elvis.de/download/bund/E29854216/1789470012229/bekanntmachung.pdf
25822908,1,LOT-0000,lot,25822908,non-restricted-document,,https://www.subreport-elvis.de/download/bund/E43222418/1789470348936/bekanntmachung.pdf,https://www.subreport-elvis.de/download/bund/E43222418/1789470348936/bekanntmachung.pdf
25822912,1,LOT-0000,lot,25822912,non-restricted-document,,https://www.subreport-elvis.de/download/bund/E83891298/1789471163594/bekanntmachung.pdf,https://www.subreport-elvis.de/download/bund/E83891298/1789471163594/bekanntmachung.pdf
25822916,1,LOT-0000,lot,25822916,non-restricted-document,,https://www.subreport-elvis.de/download/bund/E65436149/1789471705731/bekanntmachung.pdf,https://www.subreport-elvis.de/download/bund/E65436149/1789471705731/bekanntmachung.pdf
25822920,1,LOT-0000,lot,25822920,non-restricted-document,,https://www.subreport-elvis.de/download/bund/E25214925/1789473161037/bekanntmachung.pdf,https://www.subreport-elvis.de/download/bund/E25214925/1789473161037/bekanntmachung.pdf
25822924,1,LOT-0000,lot,25822924,non-restricted-document,,https://www.subreport-elvis.de/download/bund/E61242274/1789474615550/bekanntmachung.pdf,https://www.subreport-elvis.de/download/bund/E61242274/1789474615550/bekanntmachung.pdf
25822928,1,LOT-0000,lot,25822928,non-restricted-document,,https://www.subreport-elvis.de/download/bund/E63464775/1789475075942/bekanntmachung.pdf,https://www.subreport-elvis.de/download/bund/E63464775/1789475075942/bekanntmachung.pdf
25822932,1,LOT-0000,lot,25822932,non-restricted-document,,https://www.subreport-elvis.de/download/bund/E12447457/1789475098346/bekanntmachung.pdf,https://www.subreport-elvis.de/download/bund/E12447457/1789475098346/bekanntmachung.pdf
25822952,1,LOT-0000,lot,25822952,non-restricted-document,,https://www.subreport-elvis.de/download/bund/E95532697/1789482464069/bekanntmachung.pdf,https://www.subreport-elvis.de/download/bund/E95532697/1789482464069/bekanntmachung.pdf
25822956,1,LOT-0000,lot,25822956,non-restricted-document,,https://www.subreport-elvis.de/download/bund/E42968131/1789486594174/bekanntmachung.pdf,https://www.subreport-elvis.de/download/bund/E42968131/1789486594174/bekanntmachung.pdf
25822964,1,LOT-0000,lot,25822964,non-restricted-document,,https://www.subreport-elvis.de/download/bund/E39587231/1789488153465/bekanntmachung.pdf,https://www.subreport-elvis.de/download/bund/E39587231/1789488153465/bekanntmachung.pdf
25822852,1,LOT-0000,lot,25822852,non-restricted-document,,https://www.subreport-elvis.de/download/bund/E83127719/1789459833972/bekanntmachung.pdf,https://www.subreport-elvis.de/download/bund/E83127719/1789459833972/bekanntmachung.pdf
25822856,1,LOT-0000,lot,25822856,non-restricted-document,,https://www.subreport-elvis.de/download/bund/E45614319/1789458945902/bekanntmachung.pdf,https://www.subreport-elvis.de/download/bund/E45614319/1789458945902/bekanntmachung.pdf
25825368,1,LOT-0000,lot,25825368,non-restricted-document,,https://www.subreport-elvis.de/download/bund/E46952259/1789461746542/bekanntmachung.pdf,https://www.subreport-elvis.de/download/bund/E46952259/1789461746542/bekanntmachung.pdf
25825372,1,LOT-0000,lot,25825372,non-restricted-document,,https://www.subreport-elvis.de/download/bund/E18932587/1789463171061/bekanntmachung.pdf,https://www.subreport-elvis.de/download/bund/E18932587/1789463171061/bekanntmachung.pdf
25825376,1,LOT-0000,lot,25825376,non-restricted-document,,https://www.subreport-elvis.de/download/bund/E72873543/1789463622062/bekanntmachung.pdf,https://www.subreport-elvis.de/download/bund/E72873543/1789463622062/bekanntmachung.pdf
25825384,1,LOT-0000,lot,25825384,non-restricted-document,,https://www.subreport-elvis.de/download/bund/E62153144/1789464244688/bekanntmachung.pdf,https://www.subreport-elvis.de/download/bund/E62153144/1789464244688/bekanntmachung.pdf
25825392,1,LOT-0000,lot,25825392,non-restricted-document,,https://www.subreport-elvis.de/download/bund/E85685344/1789466926849/bekanntmachung.pdf,https://www.subreport-elvis.de/download/bund/E85685344/1789466926849/bekanntmachung.pdf
25825396,1,LOT-0000,lot,25825396,non-restricted-document,,https://www.subreport-elvis.de/download/bund/E29854216/1789470012229/bekanntmachung.pdf,https://www.subreport-elvis.de/download/bund/E29854216/1789470012229/bekanntmachung.pdf
25825400,1,LOT-0000,lot,25825400,non-restricted-document,,https://www.subreport-elvis.de/download/bund/E83891298/1789471163594/bekanntmachung.pdf,https://www.subreport-elvis.de/download/bund/E83891298/1789471163594/bekanntmachung.pdf
25825404,1,LOT-0000,lot,25825404,non-restricted-document,,https://www.subreport-elvis.de/download/bund/E65436149/1789471705731/bekanntmachung.pdf,https://www.subreport-elvis.de/download/bund/E65436149/1789471705731/bekanntmachung.pdf
25825408,1,LOT-0000,lot,25825408,non-restricted-document,,https://www.subreport-elvis.de/download/bund/E25214925/1789473161037/bekanntmachung.pdf,https://www.subreport-elvis.de/download/bund/E25214925/1789473161037/bekanntmachung.pdf
25825412,1,LOT-0000,lot,25825412,non-restricted-document,,https://www.subreport-elvis.de/download/bund/E61242274/1789474615550/bekanntmachung.pdf,https://www.subreport-elvis.de/download/bund/E61242274/1789474615550/bekanntmachung.pdf
25825416,1,LOT-0000,lot,25825416,non-restricted-document,,https://www.subreport-elvis.de/download/bund/E63464775/1789475075942/bekanntmachung.pdf,https://www.subreport-elvis.de/download/bund/E63464775/1789475075942/bekanntmachung.pdf
25825420,1,LOT-0000,lot,25825420,non-restricted-document,,https://www.subreport-elvis.de/download/bund/E12447457/1789475098346/bekanntmachung.pdf,https://www.subreport-elvis.de/download/bund/E12447457/1789475098346/bekanntmachung.pdf
25825432,1,LOT-0000,lot,25825432,non-restricted-document,,https://www.subreport-elvis.de/download/bund/E42968131/1789486594174/bekanntmachung.pdf,https://www.subreport-elvis.de/download/bund/E42968131/1789486594174/bekanntmachung.pdf
25825440,1,LOT-0000,lot,25825440,non-restricted-document,,https://www.subreport-elvis.de/download/bund/E39587231/1789488153465/bekanntmachung.pdf,https://www.subreport-elvis.de/download/bund/E39587231/1789488153465/bekanntmachung.pdf
25821438,2,LOT-0000,lot,25821438,non-restricted-document,,https://www.subreport-elvis.de/download/bund/E42856383/1789452372327/bekanntmachung.pdf,https://www.subreport-elvis.de/download/bund/E42856383/1789452372327/bekanntmachung.pdf
25825348,1,LOT-0000,lot,25825348,non-restricted-document,,https://www.subreport-elvis.de/download/bund/E83127719/1789459833972/bekanntmachung.pdf,https://www.subreport-elvis.de/download/bund/E83127719/1789459833972/bekanntmachung.pdf
25825352,1,LOT-0000,lot,25825352,non-restricted-document,,https://www.subreport-elvis.de/download/bund/E45614319/1789458945902/bekanntmachung.pdf,https://www.subreport-elvis.de/download/bund/E45614319/1789458945902/bekanntmachung.pdf
25817140,2,LOT-0000,lot,25817140,non-restricted-document,,https://www.subreport-elvis.de/download/bund/E37566915/1789474976751/bekanntmachung.pdf,https://www.subreport-elvis.de/download/bund/E37566915/1789474976751/bekanntmachung.pdf
25635804,1,LOT-0000,lot,25635804,non-restricted-document,,https://www.subreport-elvis.de/download/bund/E43222418/1789470348936/bekanntmachung.pdf,https://www.subreport-elvis.de/download/bund/E43222418/1789470348936/bekanntmachung.pdf
25750966,2,LOT-0000,lot,25750966,non-restricted-document,,https://www.subreport-elvis.de/download/bund/E95532697/1789482464069/bekanntmachung.pdf,https://www.subreport-elvis.de/download/bund/E95532697/1789482464069/bekanntmachung.pdf
25744564,2,LOT-0000,lot,25744564,non-restricted-document,,https://www.dtvp.de/Satellite/notice/CXS0YEADYD6X5VQG,https://www.dtvp.de/Satellite/notice/CXS0YEADYD6X5VQG
25723776,3,LOT-0000,lot,25723776,non-restricted-document,,https://bieterportal.noncd.db.de/evergabe.bieter/api/supplier/external/deeplink/subproject/02c0413a-5aea-4123-8f06-8c2188b015fc,https://bieterportal.noncd.db.de/evergabe.bieter/api/supplier/external/deeplink/subproject/02c0413a-5aea-4123-8f06-8c2188b015fc
25823454,1,LOT-0000,lot,25823454,non-restricted-document,,https://vergabemarktplatz.brandenburg.de/VMPSatellite/notice/CXVHYD0DYR0HV37U,https://vergabemarktplatz.brandenburg.de/VMPSatellite/notice/CXVHYD0DYR0HV37U
25719552,1,LOT-0000,lot,25719552,non-restricted-document,,https://bieterportal.noncd.db.de/evergabe.bieter/api/supplier/external/deeplink/subproject/59347a6c-f493-489f-9c34-dfd985ac7a20,https://bieterportal.noncd.db.de/evergabe.bieter/api/supplier/external/deeplink/subproject/59347a6c-f493-489f-9c34-dfd985ac7a20
25823356,1,LOT-0000,lot,25823356,non-restricted-document,,https://vergabe.tk.de/Satellite/notice/CXR0YYRY6HV,https://vergabe.tk.de/Satellite/notice/CXR0YYRY6HV
25823352,1,LOT-0000,lot,25823352,non-restricted-document,,https://vergabe.tk.de/Satellite/notice/CXR0YYRY6H2,https://vergabe.tk.de/Satellite/notice/CXR0YYRY6H2
25827156,1,LOT-0000,lot,25827156,non-restricted-document,,https://plattform.aumass.de/Veroeffentlichung/AV286B87-A,https://plattform.aumass.de/Veroeffentlichung/AV286B87-A
25822756,1,LOT-0000,lot,25822756,non-restricted-document,,https://www.evergabe.de/auftraege/suche-ueber-vergabestellen/HANSEAT%2520Verein%2520f%25C3%25BCr%2520Wassersport%2520e%252EV%252E/3454509,https://www.evergabe.de/auftraege/suche-ueber-vergabestellen/HANSEAT%2520Verein%2520f%25C3%25BCr%2520Wassersport%2520e%252EV%252E/3454509
25822708,1,LOT-0000,lot,25822708,non-restricted-document,,https://www.evergabe.de/auftraege/suche-ueber-vergabestellen/Rettungszweckverband%2520S%25C3%25BCdwestsachsen/3454500,https://www.evergabe.de/auftraege/suche-ueber-vergabestellen/Rettungszweckverband%2520S%25C3%25BCdwestsachsen/3454500
25823406,1,LOT-0000,lot,25823406,non-restricted-document,,https://vergabemarktplatz.brandenburg.de/VMPSatellite/notice/CXP9YCRHXJ0,https://vergabemarktplatz.brandenburg.de/VMPSatellite/notice/CXP9YCRHXJ0
25823012,1,LOT-0000,lot,25823012,non-restricted-document,,https://vergabe.niedersachsen.de/Satellite/notice/CXQ6YY5RSYN,https://vergabe.niedersachsen.de/Satellite/notice/CXQ6YY5RSYN
25825852,1,LOT-0000,lot,25825852,non-restricted-document,,https://lbb.vergabe.rlp.de/VMPSatellite/notice/CXPLYYDYNEN,https://lbb.vergabe.rlp.de/VMPSatellite/notice/CXPLYYDYNEN
25822632,1,LOT-0000,lot,25822632,non-restricted-document,,https://www.evergabe.de/auftraege/suche-ueber-vergabestellen/Stadtverwaltung%2520Pirna/3454516,https://www.evergabe.de/auftraege/suche-ueber-vergabestellen/Stadtverwaltung%2520Pirna/3454516
25822628,1,LOT-0000,lot,25822628,non-restricted-document,,https://www.evergabe.de/auftraege/suche-ueber-vergabestellen/Stadtverwaltung%2520Pirna/3454510,https://www.evergabe.de/auftraege/suche-ueber-vergabestellen/Stadtverwaltung%2520Pirna/3454510
25822624,1,LOT-0000,lot,25822624,non-restricted-document,,https://www.evergabe.de/auftraege/suche-ueber-vergabestellen/Stadtverwaltung%2520Pirna/3454501,https://www.evergabe.de/auftraege/suche-ueber-vergabestellen/Stadtverwaltung%2520Pirna/3454501
25822620,1,LOT-0000,lot,25822620,non-restricted-document,,https://www.evergabe.de/auftraege/suche-ueber-vergabestellen/Innung%2520Sanit%25C3%25A4r%252D%2520und%2520Heizungstechnik%2520Jade/3454499,https://www.evergabe.de/auftraege/suche-ueber-vergabestellen/Innung%2520Sanit%25C3%25A4r%252D%2520und%2520Heizungstechnik%2520Jade/3454499
25825660,1,LOT-0000,lot,25825660,non-restricted-document,,https://www.vergabe-westfalen.de/VMPSatellite/notice/CXS0YYKDYRCGAD1E,https://www.vergabe-westfalen.de/VMPSatellite/notice/CXS0YYKDYRCGAD1E
25823334,1,LOT-0000,lot,25823334,non-restricted-document,,https://www.dtvp.de/Satellite/notice/CXVHYYPDYRL6370J,https://www.dtvp.de/Satellite/notice/CXVHYYPDYRL6370J
25827188,1,LOT-0000,lot,25827188,non-restricted-document,,https://www.sachsen-vergabe.de/NetServer/PublicationControllerServlet?function=Detail&TWOID=54321-PublishingProcess-1a0a53e9913-5e932e5004ec7b93&PublicationType=4,https://www.sachsen-vergabe.de/NetServer/PublicationControllerServlet?function=Detail&TWOID=54321-PublishingProcess-1a0a53e9913-5e932e5004ec7b93&PublicationType=4
25823104,1,LOT-0000,lot,25823104,non-restricted-document,,https://vergabe.niedersachsen.de/Satellite/notice/CXVHYHVDYR0YK2XN,https://vergabe.niedersachsen.de/Satellite/notice/CXVHYHVDYR0YK2XN
25823326,1,LOT-0000,lot,25823326,non-restricted-document,,https://www.dtvp.de/Satellite/notice/CXS0YE5DYR9Q9L6N,https://www.dtvp.de/Satellite/notice/CXS0YE5DYR9Q9L6N
25827084,1,LOT-0000,lot,25827084,non-restricted-document,,https://plattform.aumass.de/Veroeffentlichung/AV281970-A,https://plattform.aumass.de/Veroeffentlichung/AV281970-A
25823348,1,LOT-0000,lot,25823348,non-restricted-document,,https://vergabe.tk.de/Satellite/notice/CXR0YYRY6H1,https://vergabe.tk.de/Satellite/notice/CXR0YYRY6H1
25827184,1,LOT-0000,lot,25827184,non-restricted-document,,https://www.sachsen-vergabe.de/NetServer/PublicationControllerServlet?function=Detail&TWOID=54321-PublishingProcess-1a0a530e8b3-d45d67c777a2892&PublicationType=4,https://www.sachsen-vergabe.de/NetServer/PublicationControllerServlet?function=Detail&TWOID=54321-PublishingProcess-1a0a530e8b3-d45d67c777a2892&PublicationType=4
25823344,1,LOT-0000,lot,25823344,non-restricted-document,,https://vergabe.tk.de/Satellite/notice/CXR0YYRY6HW,https://vergabe.tk.de/Satellite/notice/CXR0YYRY6HW
25823446,1,LOT-0000,lot,25823446,non-restricted-document,,https://vergabemarktplatz.brandenburg.de/VMPSatellite/notice/CXP9YNFHXX4,https://vergabemarktplatz.brandenburg.de/VMPSatellite/notice/CXP9YNFHXX4
25827180,1,LOT-0000,lot,25827180,non-restricted-document,,https://www.sachsen-vergabe.de/NetServer/PublicationControllerServlet?function=Detail&TWOID=54321-PublishingProcess-1a0a51eac89-79db89f3e2f9183b&PublicationType=4,https://www.sachsen-vergabe.de/NetServer/PublicationControllerServlet?function=Detail&TWOID=54321-PublishingProcess-1a0a51eac89-79db89f3e2f9183b&PublicationType=4
25827176,1,LOT-0000,lot,25827176,non-restricted-document,,https://www.sachsen-vergabe.de/NetServer/PublicationControllerServlet?function=Detail&TWOID=54321-Tender-1a09e7766c7-22693401c87bcbe7&PublicationType=0,https://www.sachsen-vergabe.de/NetServer/PublicationControllerServlet?function=Detail&TWOID=54321-Tender-1a09e7766c7-22693401c87bcbe7&PublicationType=0
25825462,1,LOT-0000,lot,25825462,non-restricted-document,,https://vergabe.hessen.de/NetServer/PublicationControllerServlet?function=Detail&TWOID=54321-Tender-1a0a47227f5-7e3165856ac6bea1&PublicationType=0,https://vergabe.hessen.de/NetServer/PublicationControllerServlet?function=Detail&TWOID=54321-Tender-1a0a47227f5-7e3165856ac6bea1&PublicationType=0
25826954,1,LOT-0000,lot,25826954,non-restricted-document,,https://bieterzugang.deutsche-evergabe.de/evergabe.bieter/api/supplier/external/deeplink/subproject/75c7df4a-2bda-4067-85c3-9beacf671530,https://bieterzugang.deutsche-evergabe.de/evergabe.bieter/api/supplier/external/deeplink/subproject/75c7df4a-2bda-4067-85c3-9beacf671530
25826978,1,LOT-0000,lot,25826978,non-restricted-document,,https://www.deutsche-evergabe.de/dashboards/dashboard_off/a9ed3bf0-799a-4264-abf4-9a591c8d9040,https://www.deutsche-evergabe.de/dashboards/dashboard_off/a9ed3bf0-799a-4264-abf4-9a591c8d9040
25822616,1,LOT-0000,lot,25822616,non-restricted-document,,https://www.evergabe.de/auftraege/suche-ueber-vergabestellen/Innung%2520Sanit%25C3%25A4r%252D%2520und%2520Heizungstechnik%2520Jade/3411874,https://www.evergabe.de/auftraege/suche-ueber-vergabestellen/Innung%2520Sanit%25C3%25A4r%252D%2520und%2520Heizungstechnik%2520Jade/3411874
25825844,1,LOT-0000,lot,25825844,non-restricted-document,,https://lbb.vergabe.rlp.de/VMPSatellite/notice/CXPLYYDYNEL,https://lbb.vergabe.rlp.de/VMPSatellite/notice/CXPLYYDYNEL
25826950,1,LOT-0000,lot,25826950,non-restricted-document,,https://fbhh-evergabe.web.hamburg.de/evergabe.bieter/api/supplier/external/deeplink/subproject/dc58b203-fca4-4d2f-8dd7-e7fef51c604d,https://fbhh-evergabe.web.hamburg.de/evergabe.bieter/api/supplier/external/deeplink/subproject/dc58b203-fca4-4d2f-8dd7-e7fef51c604d
25826974,1,LOT-0000,lot,25826974,non-restricted-document,,https://www.deutsche-evergabe.de/dashboards/dashboard_off/24d5423b-6faa-4569-86a9-98e093a242f2,https://www.deutsche-evergabe.de/dashboards/dashboard_off/24d5423b-6faa-4569-86a9-98e093a242f2
25822584,1,LOT-0000,lot,25822584,non-restricted-document,,https://www.evergabe.de/auftraege/suche-ueber-vergabestellen/VG%2520N%25C3%25BCnchritz%252DGlaubitz%252C%2520i%252E%2520A%252E%2520der%2520Gemeinde%2520Glaubitz/3454355,https://www.evergabe.de/auftraege/suche-ueber-vergabestellen/VG%2520N%25C3%25BCnchritz%252DGlaubitz%252C%2520i%252E%2520A%252E%2520der%2520Gemeinde%2520Glaubitz/3454355
25823072,1,LOT-0000,lot,25823072,non-restricted-document,,https://vergabe.niedersachsen.de/Satellite/notice/CXW5YYDDYR9T1TUB,https://vergabe.niedersachsen.de/Satellite/notice/CXW5YYDDYR9T1TUB
25823056,1,LOT-0000,lot,25823056,non-restricted-document,,https://vergabe.niedersachsen.de/Satellite/notice/CXQ6YY6RSDN,https://vergabe.niedersachsen.de/Satellite/notice/CXQ6YY6RSDN
25827172,1,LOT-0000,lot,25827172,non-restricted-document,,https://www.sachsen-vergabe.de/NetServer/PublicationControllerServlet?function=Detail&TWOID=54321-PublishingProcess-1a0a4f601d6-708ac9c5c72df057&PublicationType=4,https://www.sachsen-vergabe.de/NetServer/PublicationControllerServlet?function=Detail&TWOID=54321-PublishingProcess-1a0a4f601d6-708ac9c5c72df057&PublicationType=4
25823478,1,LOT-0000,lot,25823478,non-restricted-document,,https://rlp.vergabekommunal.de/Satellite/notice/CXS0YB4DYR911RUG,https://rlp.vergabekommunal.de/Satellite/notice/CXS0YB4DYR911RUG
25823784,1,LOT-0000,lot,25823784,non-restricted-document,,https://www.tender24.de/NetServer/PublicationControllerServlet?function=Detail&TWOID=54321-Tender-1a0a4825376-79ff15cabbc6415f&PublicationType=0,https://www.tender24.de/NetServer/PublicationControllerServlet?function=Detail&TWOID=54321-Tender-1a0a4825376-79ff15cabbc6415f&PublicationType=0
25776550,2,LOT-0000,lot,25776550,non-restricted-document,,https://bieterportal.noncd.db.de/evergabe.bieter/api/supplier/external/deeplink/subproject/e677adc3-b716-4e86-8f0f-b6bec7d99427,https://bieterportal.noncd.db.de/evergabe.bieter/api/supplier/external/deeplink/subproject/e677adc3-b716-4e86-8f0f-b6bec7d99427
25823306,1,LOT-0000,lot,25823306,non-restricted-document,,https://www.dtvp.de/Satellite/notice/CXSUYYDDYDU8YDQ7,https://www.dtvp.de/Satellite/notice/CXSUYYDDYDU8YDQ7
25823474,1,LOT-0000,lot,25823474,non-restricted-document,,https://rlp.vergabekommunal.de/Satellite/notice/CXS0YB4DYR924HH9,https://rlp.vergabekommunal.de/Satellite/notice/CXS0YB4DYR924HH9
25825840,1,LOT-0000,lot,25825840,non-restricted-document,,https://lbb.vergabe.rlp.de/VMPSatellite/notice/CXPLYYDYNE0,https://lbb.vergabe.rlp.de/VMPSatellite/notice/CXPLYYDYNE0
25823294,1,LOT-0000,lot,25823294,non-restricted-document,,https://www.dtvp.de/Satellite/notice/CXP4DF9MP2D,https://www.dtvp.de/Satellite/notice/CXP4DF9MP2D
25826942,1,LOT-0000,lot,25826942,non-restricted-document,,https://bieterzugang.deutsche-evergabe.de/evergabe.bieter/api/supplier/external/deeplink/subproject/29b8b789-2b99-428f-ba9d-099581e8c962,https://bieterzugang.deutsche-evergabe.de/evergabe.bieter/api/supplier/external/deeplink/subproject/29b8b789-2b99-428f-ba9d-099581e8c962
25827168,1,LOT-0000,lot,25827168,non-restricted-document,,https://www.sachsen-vergabe.de/NetServer/PublicationControllerServlet?function=Detail&TWOID=54321-PublishingProcess-1a0a4d12754-30a94582ba1f96c4&PublicationType=4,https://www.sachsen-vergabe.de/NetServer/PublicationControllerServlet?function=Detail&TWOID=54321-PublishingProcess-1a0a4d12754-30a94582ba1f96c4&PublicationType=4
25822608,1,LOT-0000,lot,25822608,non-restricted-document,,https://www.evergabe.de/auftraege/suche-ueber-vergabestellen/Universit%25C3%25A4tsklinikum%2520Carl%2520Gustav%2520Carus%2520Dresden%2520an%2520der%2520Technischen%2520Universit%25C3%25A4t%2520Dresden/3454451,https://www.evergabe.de/auftraege/suche-ueber-vergabestellen/Universit%25C3%25A4tsklinikum%2520Carl%2520Gustav%2520Carus%2520Dresden%2520an%2520der%2520Technischen%2520Universit%25C3%25A4t%2520Dresden/3454451
25822604,1,LOT-0000,lot,25822604,non-restricted-document,,https://www.evergabe.de/auftraege/suche-ueber-vergabestellen/Landestalsperrenverwaltung%2520des%2520Freistaates%2520Sachsen%2520Betrieb%2520Freiberger%2520Mulde%252FZschopau/3445523,https://www.evergabe.de/auftraege/suche-ueber-vergabestellen/Landestalsperrenverwaltung%2520des%2520Freistaates%2520Sachsen%2520Betrieb%2520Freiberger%2520Mulde%252FZschopau/3445523
25822994,1,LOT-0000,lot,25822994,non-restricted-document,,https://vergabeportal-bw.de/Satellite/notice/CXRAY63YMM1,https://vergabeportal-bw.de/Satellite/notice/CXRAY63YMM1
25659566,4,LOT-0000,lot,25659566,non-restricted-document,,https://bieterportal.noncd.db.de/evergabe.bieter/api/supplier/external/deeplink/subproject/2fa8b1f5-1de7-497c-908c-ab380bd1e848,https://bieterportal.noncd.db.de/evergabe.bieter/api/supplier/external/deeplink/subproject/2fa8b1f5-1de7-497c-908c-ab380bd1e848
25825610,1,LOT-0000,lot,25825610,non-restricted-document,,https://evergabe.blb.nrw.de/Vergabe/notice/CXS7YYXDYR98Y68P,https://evergabe.blb.nrw.de/Vergabe/notice/CXS7YYXDYR98Y68P
25823366,1,LOT-0000,lot,25823366,non-restricted-document,,https://vergabemarktplatz.brandenburg.de/VMPSatellite/notice/CXP9Y0HHNAS,https://vergabemarktplatz.brandenburg.de/VMPSatellite/notice/CXP9Y0HHNAS
25825606,1,LOT-0000,lot,25825606,non-restricted-document,,https://evergabe.blb.nrw.de/Vergabe/notice/CXS7YYXDYR0DTUHK,https://evergabe.blb.nrw.de/Vergabe/notice/CXS7YYXDYR0DTUHK
25823060,1,LOT-0000,lot,25823060,non-restricted-document,,https://vergabe.niedersachsen.de/Satellite/notice/CXTBYYHDYDWXCX1S,https://vergabe.niedersachsen.de/Satellite/notice/CXTBYYHDYDWXCX1S
25825602,1,LOT-0000,lot,25825602,non-restricted-document,,https://evergabe.blb.nrw.de/Vergabe/notice/CXS7YYXDYR05VYY8,https://evergabe.blb.nrw.de/Vergabe/notice/CXS7YYXDYR05VYY8
25822800,1,LOT-0000,lot,25822800,non-restricted-document,,https://www.evergabe.de/auftraege/suche-ueber-vergabestellen/Stadtverwaltung%2520Lutherstadt%2520Eisleben/3454427,https://www.evergabe.de/auftraege/suche-ueber-vergabestellen/Stadtverwaltung%2520Lutherstadt%2520Eisleben/3454427
25823470,1,LOT-0000,lot,25823470,non-restricted-document,,https://rlp.vergabekommunal.de/Satellite/notice/CXVHY55DYY5DXLXQ,https://rlp.vergabekommunal.de/Satellite/notice/CXVHY55DYY5DXLXQ
25826918,1,LOT-0000,lot,25826918,non-restricted-document,,https://bieterportal.noncd.db.de/evergabe.bieter/api/supplier/external/deeplink/subproject/b416160f-c2b8-4c65-bc1a-47995ddb3a93,https://bieterportal.noncd.db.de/evergabe.bieter/api/supplier/external/deeplink/subproject/b416160f-c2b8-4c65-bc1a-47995ddb3a93
25822796,1,LOT-0000,lot,25822796,non-restricted-document,,https://www.evergabe.de/auftraege/suche-ueber-vergabestellen/Stadtverwaltung%2520Lutherstadt%2520Eisleben/3454423,https://www.evergabe.de/auftraege/suche-ueber-vergabestellen/Stadtverwaltung%2520Lutherstadt%2520Eisleben/3454423
25822990,1,LOT-0000,lot,25822990,non-restricted-document,,https://vergabeportal-bw.de/Satellite/notice/CXS0YMSDYRCUXYC7,https://vergabeportal-bw.de/Satellite/notice/CXS0YMSDYRCUXYC7
25807478,2,LOT-0000,lot,25807478,non-restricted-document,,https://bieterzugang.deutsche-evergabe.de/evergabe.bieter/api/supplier/external/deeplink/subproject/86ee86c6-5d70-4701-a69e-c816367552d1,https://bieterzugang.deutsche-evergabe.de/evergabe.bieter/api/supplier/external/deeplink/subproject/86ee86c6-5d70-4701-a69e-c816367552d1
25822792,1,LOT-0000,lot,25822792,non-restricted-document,,https://www.evergabe.de/auftraege/suche-ueber-vergabestellen/Stadtverwaltung%2520Lutherstadt%2520Eisleben/3454410,https://www.evergabe.de/auftraege/suche-ueber-vergabestellen/Stadtverwaltung%2520Lutherstadt%2520Eisleben/3454410
25822592,1,LOT-0000,lot,25822592,non-restricted-document,,https://www.evergabe.de/auftraege/suche-ueber-vergabestellen/Cargill%2520GmbH/3453759,https://www.evergabe.de/auftraege/suche-ueber-vergabestellen/Cargill%2520GmbH/3453759
25825666,1,LOT-0000,lot,25825666,non-restricted-document,,https://www.vmp-rheinland.de/VMPSatellite/notice/CXT2YY6YTJ0D2BX5,https://www.vmp-rheinland.de/VMPSatellite/notice/CXT2YY6YTJ0D2BX5
25825636,1,LOT-0000,lot,25825636,non-restricted-document,,https://www.vergabe-westfalen.de/VMPSatellite/notice/CXPWYDRLKD8,https://www.vergabe-westfalen.de/VMPSatellite/notice/CXPWYDRLKD8
25758778,3,LOT-0000,lot,25758778,non-restricted-document,,https://vergabe.autobahn.de/NetServer/PublicationControllerServlet?function=Detail&TWOID=54321-Tender-1a00f6e594b-7e417becd2552fa8&PublicationType=0,https://vergabe.autobahn.de/NetServer/PublicationControllerServlet?function=Detail&TWOID=54321-Tender-1a00f6e594b-7e417becd2552fa8&PublicationType=0
25823052,1,LOT-0000,lot,25823052,non-restricted-document,,https://vergabe.niedersachsen.de/Satellite/notice/CXQ6YY5RSDU,https://vergabe.niedersachsen.de/Satellite/notice/CXQ6YY5RSDU
25825586,1,LOT-0000,lot,25825586,non-restricted-document,,https://www.vergaben-wirtschaftsregion-aachen.de/VMPSatellite/notice/CXVHYY5DYDQ2WBSM,https://www.vergaben-wirtschaftsregion-aachen.de/VMPSatellite/notice/CXVHYY5DYDQ2WBSM
25822652,1,LOT-0000,lot,25822652,non-restricted-document,,https://www.evergabe.de/auftraege/suche-ueber-vergabestellen/Landeshauptstadt%2520Dresden/3454382,https://www.evergabe.de/auftraege/suche-ueber-vergabestellen/Landeshauptstadt%2520Dresden/3454382
25823772,1,LOT-0000,lot,25823772,non-restricted-document,,https://saarvpsl.vmstart.de/NetServer/PublicationControllerServlet?function=Detail&TWOID=54321-Tender-19fadf6b2c1-6ba9f1919a0606ae&PublicationType=0,https://saarvpsl.vmstart.de/NetServer/PublicationControllerServlet?function=Detail&TWOID=54321-Tender-19fadf6b2c1-6ba9f1919a0606ae&PublicationType=0
25826946,1,LOT-0000,lot,25826946,non-restricted-document,,https://www.deutsche-evergabe.de/dashboards/dashboard_off/d1f74f3e-1164-439e-a0ab-8e337c837e80,https://www.deutsche-evergabe.de/dashboards/dashboard_off/d1f74f3e-1164-439e-a0ab-8e337c837e80
25822568,1,LOT-0000,lot,25822568,non-restricted-document,,https://www.evergabe.de/auftraege/suche-ueber-vergabestellen/Erzgebirgsklinikum%2520gGmbH/3437229,https://www.evergabe.de/auftraege/suche-ueber-vergabestellen/Erzgebirgsklinikum%2520gGmbH/3437229
25823254,1,LOT-0000,lot,25823254,non-restricted-document,,https://www.dtvp.de/Satellite/notice/CXS0Y6TDYR9QR1EG,https://www.dtvp.de/Satellite/notice/CXS0Y6TDYR9QR1EG
25825458,1,LOT-0000,lot,25825458,non-restricted-document,,https://vergabe.hessen.de/NetServer/PublicationControllerServlet?function=Detail&TWOID=54321-Tender-19f1d059d74-12ca75fdee5f36eb&PublicationType=0,https://vergabe.hessen.de/NetServer/PublicationControllerServlet?function=Detail&TWOID=54321-Tender-19f1d059d74-12ca75fdee5f36eb&PublicationType=0
25822564,1,LOT-0000,lot,25822564,non-restricted-document,,https://www.evergabe.de/auftraege/suche-ueber-vergabestellen/Landratsamt%2520Bautzen/3454354,https://www.evergabe.de/auftraege/suche-ueber-vergabestellen/Landratsamt%2520Bautzen/3454354
25823764,1,LOT-0000,lot,25823764,non-restricted-document,,https://vergabe.vmstart.de/NetServer/PublicationControllerServlet?function=Detail&TWOID=54321-Tender-1a0a3aeefd1-46f6f132f066973&PublicationType=4,https://vergabe.vmstart.de/NetServer/PublicationControllerServlet?function=Detail&TWOID=54321-Tender-1a0a3aeefd1-46f6f132f066973&PublicationType=4
25822740,1,LOT-0000,lot,25822740,non-restricted-document,,https://www.evergabe.de/auftraege/suche-ueber-vergabestellen/WAZV%2520Mittleres%2520Nessetal/3427389,https://www.evergabe.de/auftraege/suche-ueber-vergabestellen/WAZV%2520Mittleres%2520Nessetal/3427389
25822560,1,LOT-0000,lot,25822560,non-restricted-document,,https://www.evergabe.de/auftraege/suche-ueber-vergabestellen/VG%2520N%25C3%25BCnchritz%252DGlaubitz%252C%2520i%252E%2520A%252E%2520der%2520Gemeinde%2520Glaubitz/3454325,https://www.evergabe.de/auftraege/suche-ueber-vergabestellen/VG%2520N%25C3%25BCnchritz%252DGlaubitz%252C%2520i%252E%2520A%252E%2520der%2520Gemeinde%2520Glaubitz/3454325
25825442,1,LOT-0000,lot,25825442,non-restricted-document,,https://www.ausschreibungen.ls.brandenburg.de/NetServer/PublicationControllerServlet?function=Detail&TWOID=54321-Tender-1a090e00277-47caa7c2ff970811&PublicationType=0,https://www.ausschreibungen.ls.brandenburg.de/NetServer/PublicationControllerServlet?function=Detail&TWOID=54321-Tender-1a090e00277-47caa7c2ff970811&PublicationType=0
25826926,1,LOT-0000,lot,25826926,non-restricted-document,,https://www.deutsche-evergabe.de/dashboards/dashboard_off/94c01b6a-d9b5-4bfa-bc26-972fb9bb3258,https://www.deutsche-evergabe.de/dashboards/dashboard_off/94c01b6a-d9b5-4bfa-bc26-972fb9bb3258
25771066,2,LOT-0000,lot,25771066,non-restricted-document,,https://www.deutsches-ausschreibungsblatt.de/VN/K-CLP-65.1-2026-0014,https://www.deutsches-ausschreibungsblatt.de/VN/K-CLP-65.1-2026-0014
25823162,1,LOT-0000,lot,25823162,non-restricted-document,,https://www.dtvp.de/Satellite/notice/CXP4YKRMP9E,https://www.dtvp.de/Satellite/notice/CXP4YKRMP9E
25822700,1,LOT-0000,lot,25822700,non-restricted-document,,https://www.evergabe.de/auftraege/suche-ueber-vergabestellen/Stadtverwaltung%2520Werdau/3454333,https://www.evergabe.de/auftraege/suche-ueber-vergabestellen/Stadtverwaltung%2520Werdau/3454333
25823044,1,LOT-0000,lot,25823044,non-restricted-document,,https://vergabe.niedersachsen.de/Satellite/notice/CXQ6YY6RSDK,https://vergabe.niedersachsen.de/Satellite/notice/CXQ6YY6RSDK
25826922,1,LOT-0000,lot,25826922,non-restricted-document,,https://www.deutsche-evergabe.de/dashboards/dashboard_off/47ac995f-9417-4f64-878d-09f022f9d659,https://www.deutsche-evergabe.de/dashboards/dashboard_off/47ac995f-9417-4f64-878d-09f022f9d659
25825706,1,LOT-0000,lot,25825706,non-restricted-document,,https://www.vmp-rheinland.de/VMPSatellite/notice/CXS0YBTDYR9K523P,https://www.vmp-rheinland.de/VMPSatellite/notice/CXS0YBTDYR9K523P
25826914,1,LOT-0000,lot,25826914,non-restricted-document,,https://www.deutsche-evergabe.de/dashboards/dashboard_off/de576892-257e-459a-a5b1-883a33cf8457,https://www.deutsche-evergabe.de/dashboards/dashboard_off/de576892-257e-459a-a5b1-883a33cf8457
25826004,1,LOT-0000,lot,25826004,non-restricted-document,,http://www.vergabe.bayern.de/Vergabeinformationen.bayernvergabeinformationen.0.html?details=1082283,http://www.vergabe.bayern.de/Vergabeinformationen.bayernvergabeinformationen.0.html?details=1082283
25826008,1,LOT-0000,lot,25826008,non-restricted-document,,http://www.vergabe.bayern.de/Vergabeinformationen.bayernvergabeinformationen.0.html?details=1082284,http://www.vergabe.bayern.de/Vergabeinformationen.bayernvergabeinformationen.0.html?details=1082284
25823466,1,LOT-0000,lot,25823466,non-restricted-document,,https://rlp.vergabekommunal.de/Satellite/notice/CXS0YDEDYR9J9VGS,https://rlp.vergabekommunal.de/Satellite/notice/CXS0YDEDYR9J9VGS
25825702,1,LOT-0000,lot,25825702,non-restricted-document,,https://www.vmp-rheinland.de/VMPSatellite/notice/CXVHYYLDYR9ZNVU7,https://www.vmp-rheinland.de/VMPSatellite/notice/CXVHYYLDYR9ZNVU7
25823370,1,LOT-0000,lot,25823370,non-restricted-document,,https://vergabemarktplatz.brandenburg.de/VMPSatellite/notice/CXP9YHVHXM8,https://vergabemarktplatz.brandenburg.de/VMPSatellite/notice/CXP9YHVHXM8
25826886,1,LOT-0000,lot,25826886,non-restricted-document,,https://bieterzugang.deutsche-evergabe.de/evergabe.bieter/api/supplier/external/deeplink/subproject/b648412b-14b0-4a31-8dbe-f911a7720d71,https://bieterzugang.deutsche-evergabe.de/evergabe.bieter/api/supplier/external/deeplink/subproject/b648412b-14b0-4a31-8dbe-f911a7720d71
25826906,1,LOT-0000,lot,25826906,non-restricted-document,,https://www.deutsche-evergabe.de/dashboards/dashboard_off/2f1232ee-03d8-4e57-aac1-97f6d27e8626,https://www.deutsche-evergabe.de/dashboards/dashboard_off/2f1232ee-03d8-4e57-aac1-97f6d27e8626
25823040,1,LOT-0000,lot,25823040,non-restricted-document,,https://vergabe.niedersachsen.de/Satellite/notice/CXQ6YY5RSDA,https://vergabe.niedersachsen.de/Satellite/notice/CXQ6YY5RSDA
25823748,1,LOT-0000,lot,25823748,non-restricted-document,,https://vergabe.autobahn.de/NetServer/PublicationControllerServlet?function=Detail&TWOID=54321-Tender-1a08b0c5f69-5ad704833ac08d76&PublicationType=0,https://vergabe.autobahn.de/NetServer/PublicationControllerServlet?function=Detail&TWOID=54321-Tender-1a08b0c5f69-5ad704833ac08d76&PublicationType=0
25823170,1,LOT-0000,lot,25823170,non-restricted-document,,https://www.dtvp.de/Satellite/notice/CXP4D6JMPFK,https://www.dtvp.de/Satellite/notice/CXP4D6JMPFK
25825296,1,LOT-0000,lot,25825296,non-restricted-document,,https://www.deutsches-ausschreibungsblatt.de/VN/X-VGWIL-2026-0073,https://www.deutsches-ausschreibungsblatt.de/VN/X-VGWIL-2026-0073
25822552,1,LOT-0000,lot,25822552,non-restricted-document,,https://www.evergabe.de/auftraege/suche-ueber-vergabestellen/Landratsamt%2520Bautzen/3454267,https://www.evergabe.de/auftraege/suche-ueber-vergabestellen/Landratsamt%2520Bautzen/3454267
25823032,1,LOT-0000,lot,25823032,non-restricted-document,,https://vergabe.niedersachsen.de/Satellite/notice/CXQ6YY5RSDF,https://vergabe.niedersachsen.de/Satellite/notice/CXQ6YY5RSDF
25823016,1,LOT-0000,lot,25823016,non-restricted-document,,https://vergabe.niedersachsen.de/Satellite/notice/CXQ6YY6RSYX,https://vergabe.niedersachsen.de/Satellite/notice/CXQ6YY6RSYX
25823402,1,LOT-0000,lot,25823402,non-restricted-document,,https://vergabemarktplatz.brandenburg.de/VMPSatellite/notice/CXVHYR2DYR9NH9B6,https://vergabemarktplatz.brandenburg.de/VMPSatellite/notice/CXVHYR2DYR9NH9B6
25822732,1,LOT-0000,lot,25822732,non-restricted-document,,https://www.evergabe.de/auftraege/suche-ueber-vergabestellen/Gemeinde%2520S%25C3%25BCdeichsfeld/3453790,https://www.evergabe.de/auftraege/suche-ueber-vergabestellen/Gemeinde%2520S%25C3%25BCdeichsfeld/3453790
25823654,1,LOT-0000,lot,25823654,non-restricted-document,,https://www.had.de/onlinesuche_langfassung.html?showpub=RCL5HYHMAE7WIG5J,https://www.had.de/onlinesuche_langfassung.html?showpub=RCL5HYHMAE7WIG5J
25825652,1,LOT-0000,lot,25825652,non-restricted-document,,https://www.vergabe-westfalen.de/VMPSatellite/notice/CXS0YRNDYR0CAN1E,https://www.vergabe-westfalen.de/VMPSatellite/notice/CXS0YRNDYR0CAN1E
25822724,1,LOT-0000,lot,25822724,non-restricted-document,,https://www.evergabe.de/auftraege/suche-ueber-vergabestellen/Gemeinde%2520S%25C3%25BCdeichsfeld/3453782,https://www.evergabe.de/auftraege/suche-ueber-vergabestellen/Gemeinde%2520S%25C3%25BCdeichsfeld/3453782
25822728,1,LOT-0000,lot,25822728,non-restricted-document,,https://www.evergabe.de/auftraege/suche-ueber-vergabestellen/Gemeinde%2520S%25C3%25BCdeichsfeld/3453789,https://www.evergabe.de/auftraege/suche-ueber-vergabestellen/Gemeinde%2520S%25C3%25BCdeichsfeld/3453789
25822720,1,LOT-0000,lot,25822720,non-restricted-document,,https://www.evergabe.de/auftraege/suche-ueber-vergabestellen/Gemeinde%2520S%25C3%25BCdeichsfeld/3453781,https://www.evergabe.de/auftraege/suche-ueber-vergabestellen/Gemeinde%2520S%25C3%25BCdeichsfeld/3453781
25822712,1,LOT-0000,lot,25822712,non-restricted-document,,https://www.evergabe.de/auftraege/suche-ueber-vergabestellen/Gemeinde%2520S%25C3%25BCdeichsfeld/3453779,https://www.evergabe.de/auftraege/suche-ueber-vergabestellen/Gemeinde%2520S%25C3%25BCdeichsfeld/3453779
25822716,1,LOT-0000,lot,25822716,non-restricted-document,,https://www.evergabe.de/auftraege/suche-ueber-vergabestellen/Gemeinde%2520S%25C3%25BCdeichsfeld/3453780,https://www.evergabe.de/auftraege/suche-ueber-vergabestellen/Gemeinde%2520S%25C3%25BCdeichsfeld/3453780
25822696,1,LOT-0000,lot,25822696,non-restricted-document,,https://www.evergabe.de/auftraege/suche-ueber-vergabestellen/Rettungszweckverband%2520S%25C3%25BCdwestsachsen/3453742,https://www.evergabe.de/auftraege/suche-ueber-vergabestellen/Rettungszweckverband%2520S%25C3%25BCdwestsachsen/3453742
25822680,1,LOT-0000,lot,25822680,non-restricted-document,,https://www.evergabe.de/auftraege/suche-ueber-vergabestellen/Landesamt%2520f%25C3%25BCr%2520Stra%25C3%259Fenbau%2520und%2520Verkehr%252C%2520Zentrale/3454255,https://www.evergabe.de/auftraege/suche-ueber-vergabestellen/Landesamt%2520f%25C3%25BCr%2520Stra%25C3%259Fenbau%2520und%2520Verkehr%252C%2520Zentrale/3454255
25823724,1,LOT-0000,lot,25823724,non-restricted-document,,http://www.vergabe.stadt-frankfurt.de/NetServer/PublicationControllerServlet?function=Detail&TWOID=54321-Tender-1a04798336f-2c7a3043bf5a0201&PublicationType=0,http://www.vergabe.stadt-frankfurt.de/NetServer/PublicationControllerServlet?function=Detail&TWOID=54321-Tender-1a04798336f-2c7a3043bf5a0201&PublicationType=0
25827160,1,LOT-0000,lot,25827160,non-restricted-document,,https://www.sachsen-vergabe.de/NetServer/PublicationControllerServlet?function=Detail&TWOID=54321-PublishingProcess-1a0a38cef70-757ad2590737f419&PublicationType=4,https://www.sachsen-vergabe.de/NetServer/PublicationControllerServlet?function=Detail&TWOID=54321-PublishingProcess-1a0a38cef70-757ad2590737f419&PublicationType=4
25825454,1,LOT-0000,lot,25825454,non-restricted-document,,https://vergabe.hessen.de/NetServer/PublicationControllerServlet?function=Detail&TWOID=54321-Tender-1a085355816-53646e3bdfb92afd&PublicationType=0,https://vergabe.hessen.de/NetServer/PublicationControllerServlet?function=Detail&TWOID=54321-Tender-1a085355816-53646e3bdfb92afd&PublicationType=0
25822832,1,LOT-0000,lot,25822832,non-restricted-document,,https://www.evergabe.de/auftraege/suche-ueber-vergabestellen/Helmholtz%2520Zentrum%2520M%25C3%25BCnchen%2520Deutsches%2520Forschungszentrum%2520f%25C3%25BCr%2520Gesundheit%2520und%2520Umwelt%2520%2528GmbH%2529/3453713,https://www.evergabe.de/auftraege/suche-ueber-vergabestellen/Helmholtz%2520Zentrum%2520M%25C3%25BCnchen%2520Deutsches%2520Forschungszentrum%2520f%25C3%25BCr%2520Gesundheit%2520und%2520Umwelt%2520%2528GmbH%2529/3453713
25822676,1,LOT-0000,lot,25822676,non-restricted-document,,https://www.evergabe.de/auftraege/suche-ueber-vergabestellen/Landesamt%2520f%25C3%25BCr%2520Stra%25C3%259Fenbau%2520und%2520Verkehr%252C%2520Niederlassung%2520Mei%25C3%259Fen/3453772,https://www.evergabe.de/auftraege/suche-ueber-vergabestellen/Landesamt%2520f%25C3%25BCr%2520Stra%25C3%259Fenbau%2520und%2520Verkehr%252C%2520Niederlassung%2520Mei%25C3%259Fen/3453772
25822640,1,LOT-0000,lot,25822640,non-restricted-document,,https://www.evergabe.de/auftraege/suche-ueber-vergabestellen/Landeshauptstadt%2520Dresden/3453702,https://www.evergabe.de/auftraege/suche-ueber-vergabestellen/Landeshauptstadt%2520Dresden/3453702
25823226,1,LOT-0000,lot,25823226,non-restricted-document,,https://www.dtvp.de/Satellite/notice/CXS0YE5DYDXVVFFT,https://www.dtvp.de/Satellite/notice/CXS0YE5DYDXVVFFT
25822548,1,LOT-0000,lot,25822548,non-restricted-document,,https://www.evergabe.de/auftraege/suche-ueber-vergabestellen/WAZV%2520Mittlere%2520Wesenitz/3453688,https://www.evergabe.de/auftraege/suche-ueber-vergabestellen/WAZV%2520Mittlere%2520Wesenitz/3453688
25822528,1,LOT-0000,lot,25822528,non-restricted-document,,https://vergabe.deges.de/NetServer/PublicationControllerServlet?function=Detail&TWOID=54321-Tender-1a09e6ebcf2-297f679630f53b43&PublicationType=0,https://vergabe.deges.de/NetServer/PublicationControllerServlet?function=Detail&TWOID=54321-Tender-1a09e6ebcf2-297f679630f53b43&PublicationType=0
25823140,1,LOT-0000,lot,25823140,non-restricted-document,,https://evergabe.bundesverkehrsverwaltung.de/VMPSatellite/notice/CXWSYYLDYYWDQ27Q,https://evergabe.bundesverkehrsverwaltung.de/VMPSatellite/notice/CXWSYYLDYYWDQ27Q
25827148,1,LOT-0000,lot,25827148,non-restricted-document,,https://plattform.aumass.de/Veroeffentlichung/AV286B5C,https://plattform.aumass.de/Veroeffentlichung/AV286B5C
25822474,1,LOT-0000,lot,25822474,non-restricted-document,,https://www.staatsanzeiger-eservices.de/besuJs/BekLanding4Bund?z_param=2026-11-0381321,https://www.staatsanzeiger-eservices.de/besuJs/BekLanding4Bund?z_param=2026-11-0381321
25822536,1,LOT-0000,lot,25822536,non-restricted-document,,https://www.evergabe.de/auftraege/suche-ueber-vergabestellen/Basketball%2520L%25C3%25B6wen%2520e%252EV%252E/3453741,https://www.evergabe.de/auftraege/suche-ueber-vergabestellen/Basketball%2520L%25C3%25B6wen%2520e%252EV%252E/3453741
25825670,1,LOT-0000,lot,25825670,non-restricted-document,,https://www.vmp-rheinland.de/VMPSatellite/notice/CXPTYDMDUT5,https://www.vmp-rheinland.de/VMPSatellite/notice/CXPTYDMDUT5
25826854,1,LOT-0000,lot,25826854,non-restricted-document,,https://bieterzugang.deutsche-evergabe.de/evergabe.bieter/api/supplier/external/deeplink/subproject/0fed9c73-2ba8-4793-ae21-b4dad6210356,https://bieterzugang.deutsche-evergabe.de/evergabe.bieter/api/supplier/external/deeplink/subproject/0fed9c73-2ba8-4793-ae21-b4dad6210356
25825516,1,LOT-0000,lot,25825516,non-restricted-document,,https://bund.vergabe24.de/?hash=41431aadc2706cfd5cf69e3bac49cbfd,https://bund.vergabe24.de/?hash=41431aadc2706cfd5cf69e3bac49cbfd
25825536,1,LOT-0000,lot,25825536,non-restricted-document,,https://bund.vergabe24.de/?hash=5b4428a5b110ed40405039c4180e1ecd,https://bund.vergabe24.de/?hash=5b4428a5b110ed40405039c4180e1ecd
25825544,1,LOT-0000,lot,25825544,non-restricted-document,,https://bund.vergabe24.de/?hash=ee62d3d29b5f193034ebcab4a5f02823,https://bund.vergabe24.de/?hash=ee62d3d29b5f193034ebcab4a5f02823
25825552,1,LOT-0000,lot,25825552,non-restricted-document,,https://bund.vergabe24.de/?hash=a88d4565f0ff96eae6f5ab6f8ca6daf4,https://bund.vergabe24.de/?hash=a88d4565f0ff96eae6f5ab6f8ca6daf4
25825484,1,LOT-0000,lot,25825484,non-restricted-document,,https://bund.vergabe24.de/?hash=6bd629b5e49a33f27c2cd7e85bdb5cf4,https://bund.vergabe24.de/?hash=6bd629b5e49a33f27c2cd7e85bdb5cf4
25823136,1,LOT-0000,lot,25823136,non-restricted-document,,https://evergabe.bundesverkehrsverwaltung.de/VMPSatellite/notice/CXWSYYCDYDTCLC7N,https://evergabe.bundesverkehrsverwaltung.de/VMPSatellite/notice/CXWSYYCDYDTCLC7N
25823492,1,LOT-0000,lot,25823492,non-restricted-document,,https://ausschreibungen.giz.de/Satellite/notice/CXTRYY6DYD74ENF7,https://ausschreibungen.giz.de/Satellite/notice/CXTRYY6DYD74ENF7
25825640,1,LOT-0000,lot,25825640,non-restricted-document,,https://www.vergabe-westfalen.de/VMPSatellite/notice/CXS0YRNYT18D9U5M,https://www.vergabe-westfalen.de/VMPSatellite/notice/CXS0YRNYT18D9U5M
25825798,1,LOT-0000,lot,25825798,non-restricted-document,,https://www.vergabe.metropoleruhr.de/VMPSatellite/notice/CXTJYY6DYDKVW3FQ,https://www.vergabe.metropoleruhr.de/VMPSatellite/notice/CXTJYY6DYDKVW3FQ
25825832,1,LOT-0000,lot,25825832,non-restricted-document,,https://lbm.vergabe.rlp.de/VMPSatellite/notice/CXS2YYRDYRCPY5RP,https://lbm.vergabe.rlp.de/VMPSatellite/notice/CXS2YYRDYRCPY5RP
25825748,1,LOT-0000,lot,25825748,non-restricted-document,,https://www.evergabe.nrw.de/VMPSatellite/notice/CXS7Y51DYRC8DZB3,https://www.evergabe.nrw.de/VMPSatellite/notice/CXS7Y51DYRC8DZB3
25826000,1,LOT-0000,lot,25826000,non-restricted-document,,https://www.meinauftrag.rib.de/public/DetailsByPlatformIdAndTenderId/platformId/1/tenderId/303684,https://www.meinauftrag.rib.de/public/DetailsByPlatformIdAndTenderId/platformId/1/tenderId/303684
25826028,1,LOT-0000,lot,25826028,non-restricted-document,,https://www.meinauftrag.rib.de/public/DetailsByPlatformIdAndTenderId/platformId/2/tenderId/210349,https://www.meinauftrag.rib.de/public/DetailsByPlatformIdAndTenderId/platformId/2/tenderId/210349
25826032,1,LOT-0000,lot,25826032,non-restricted-document,,https://www.meinauftrag.rib.de/public/DetailsByPlatformIdAndTenderId/platformId/2/tenderId/210351,https://www.meinauftrag.rib.de/public/DetailsByPlatformIdAndTenderId/platformId/2/tenderId/210351
25826036,1,LOT-0000,lot,25826036,non-restricted-document,,https://www.meinauftrag.rib.de/public/DetailsByPlatformIdAndTenderId/platformId/2/tenderId/210355,https://www.meinauftrag.rib.de/public/DetailsByPlatformIdAndTenderId/platformId/2/tenderId/210355
25826044,1,LOT-0000,lot,25826044,non-restricted-document,,https://www.meinauftrag.rib.de/public/DetailsByPlatformIdAndTenderId/platformId/2/tenderId/210357,https://www.meinauftrag.rib.de/public/DetailsByPlatformIdAndTenderId/platformId/2/tenderId/210357
25826086,1,LOT-0000,lot,25826086,non-restricted-document,,https://www.meinauftrag.rib.de/public/DetailsByPlatformIdAndTenderId/platformId/3/tenderId/157533,https://www.meinauftrag.rib.de/public/DetailsByPlatformIdAndTenderId/platformId/3/tenderId/157533
25826012,1,LOT-0000,lot,25826012,non-restricted-document,,https://www.meinauftrag.rib.de/public/DetailsByPlatformIdAndTenderId/platformId/2/tenderId/210339,https://www.meinauftrag.rib.de/public/DetailsByPlatformIdAndTenderId/platformId/2/tenderId/210339
25826016,1,LOT-0000,lot,25826016,non-restricted-document,,https://www.meinauftrag.rib.de/public/DetailsByPlatformIdAndTenderId/platformId/2/tenderId/210347,https://www.meinauftrag.rib.de/public/DetailsByPlatformIdAndTenderId/platformId/2/tenderId/210347
25826058,1,LOT-0000,lot,25826058,non-restricted-document,,https://www.meinauftrag.rib.de/public/DetailsByPlatformIdAndTenderId/platformId/3/tenderId/157409,https://www.meinauftrag.rib.de/public/DetailsByPlatformIdAndTenderId/platformId/3/tenderId/157409
25825836,1,LOT-0000,lot,25825836,non-restricted-document,,https://lbm.vergabe.rlp.de/VMPSatellite/notice/CXS2YYRDYR046HQ7,https://lbm.vergabe.rlp.de/VMPSatellite/notice/CXS2YYRDYR046HQ7
200ff04c-a468-4b9e-bd0f-b1b7643c3f77,1,LOT-0000,lot,No ID,non-restricted-document,,https://www.evergabe-online.de/tenderdetails.html?id=890925,https://www.evergabe-online.de/tenderdetails.html?id=890925
b0f6fa43-92ac-4e7c-a8c9-55e3487121b0,2,LOT-0000,lot,No ID,non-restricted-document,,https://www.evergabe-online.de/tenderdetails.html?id=889059,https://www.evergabe-online.de/tenderdetails.html?id=889059
cb0b417c-4949-40cb-babb-8d35ac5ecb26,1,LOT-0000,lot,No ID,non-restricted-document,,https://www.evergabe-online.de/tenderdetails.html?id=888130,https://www.evergabe-online.de/tenderdetails.html?id=888130
86a622d6-b5c8-42ae-8e4e-834ac610f252,2,LOT-0000,lot,No ID,non-restricted-document,,https://www.evergabe-online.de/tenderdetails.html?id=890526,https://www.evergabe-online.de/tenderdetails.html?id=890526
a9a248f5-fa5a-471c-8cb2-30ea888267a3,2,LOT-0000,lot,No ID,non-restricted-document,,https://www.evergabe-online.de/tenderdetails.html?id=890592,https://www.evergabe-online.de/tenderdetails.html?id=890592
533019ec-0a4e-4ace-b65a-80ad779a29ec,01,LOT-0000,lot,SIHB-2026-0063,non-restricted-document,,https://vergabe.bremen.de/NetServer/TenderingProcedureDetails?function=_Details&TenderOID=54321-Tender-1a0a45e84bb-3c8a0c38b3fa449e,https://vergabe.bremen.de/NetServer/TenderingProcedureDetails?function=_Details&TenderOID=54321-Tender-1a0a45e84bb-3c8a0c38b3fa449e
b8c743e3-0629-4d28-9e6f-5a669b05f017,01,LOT-0000,lot,SIHB-2026-0062,non-restricted-document,,https://vergabe.bremen.de/NetServer/TenderingProcedureDetails?function=_Details&TenderOID=54321-Tender-1a0a3b8759b-30d68d44e383235b,https://vergabe.bremen.de/NetServer/TenderingProcedureDetails?function=_Details&TenderOID=54321-Tender-1a0a3b8759b-30d68d44e383235b
57f6110d-aabb-4481-b481-a36e978c631c,1,LOT-0000,lot,No ID,non-restricted-document,,https://www.evergabe-online.de/tenderdetails.html?id=891107,https://www.evergabe-online.de/tenderdetails.html?id=891107
c62abfd1-f12f-483b-ad30-083a126132f6,1,LOT-0000,lot,No ID,non-restricted-document,,https://www.evergabe-online.de/tenderdetails.html?id=891149,https://www.evergabe-online.de/tenderdetails.html?id=891149
25827454,1,LOT-0000,lot,25827454,non-restricted-document,,einkauf.lmbv.de,https://einkauf.lmbv.de
